{"stats":{"minecraft:crafted":{"minecraft:oak_planks":20,"minecraft:crafting_table":2,"minecraft:spruce_planks":52,"minecraft:wooden_pickaxe":1,"minecraft:furnace":1,"minecraft:birch_planks":12,"minecraft:stone_axe":1,"minecraft:air":0,"minecraft:oak_boat":1,"minecraft:shield":1,"minecraft:stick":20,"minecraft:iron_ingot":3,"minecraft:stone_pickaxe":1,"minecraft:torch":8},"minecraft:picked_up":{"minecraft:birch_log":3,"iceandfire:dragon_skull_lightning":6,"minecraft:crafting_table":4,"minecraft:oak_log":5,"gravestone:obituary":1,"minecraft:yellow_bed":4,"minecraft:shield":1,"minecraft:dirt":37,"minecraft:red_bed":2,"minecraft:wheat_seeds":2,"minecraft:oak_boat":5,"minecraft:iron_ore":3,"minecraft:rose_bush":1,"minecraft:bamboo":7,"minecraft:sugar_cane":20,"minecraft:oak_planks":2,"duneons:mushroomcreeperwoods":1,"minecraft:furnace":1,"iceandfire:dragonbone":52,"minecraft:sweet_berries":6,"minecraft:torch":1,"minecraft:porkchop":2,"minecraft:diorite":8,"minecraft:spruce_log":13,"minecraft:rotten_flesh":6,"duneons:spideregg":25,"minecraft:granite":2,"duneons:scarecrow":2,"minecraft:oak_sapling":1,"minecraft:mutton":2,"minecraft:coal":19,"minecraft:white_wool":1,"minecraft:cobblestone":50},"minecraft:killed_by":{"iceandfire:ice_dragon":5,"minecraft:zombie":2},"minecraft:dropped":{"minecraft:rotten_flesh":3,"minecraft:granite":2,"minecraft:diorite":3,"minecraft:rose_bush":1,"gravestone:obituary":4,"iceandfire:dragon_skull_lightning":1},"minecraft:mined":{"minecraft:red_bed":2,"minecraft:jungle_leaves":1,"duneons:spideregg":25,"minecraft:crafting_table":4,"gravestone:gravestone":2,"minecraft:granite":2,"iceandfire:frozen_stone":1,"minecraft:grass_block":4,"minecraft:rose_bush":1,"minecraft:tall_grass":1,"minecraft:spruce_leaves":5,"minecraft:oak_planks":2,"minecraft:sugar_cane":11,"minecraft:diorite":8,"minecraft:wall_torch":1,"minecraft:large_fern":8,"minecraft:seagrass":1,"minecraft:furnace":1,"minecraft:birch_log":3,"minecraft:iron_ore":3,"minecraft:sweet_berry_bush":2,"minecraft:spruce_log":13,"minecraft:birch_leaves":2,"minecraft:yellow_bed":4,"duneons:creeperwoodstallgrass":6,"minecraft:grass":6,"minecraft:coal_ore":19,"minecraft:oak_log":5,"duneons:scarecrow":2,"minecraft:dirt":20,"minecraft:bamboo":1,"minecraft:stone":50,"duneons:mushroomcreeperwoods":1,"minecraft:oak_leaves":10},"minecraft:used":{"minecraft:stone_pickaxe":85,"minecraft:wooden_pickaxe":5,"minecraft:cooked_chicken":2,"iceandfire:dragon_skull_lightning":1,"minecraft:torch":2,"minecraft:dirt":27,"minecraft:crafting_table":5,"minecraft:red_bed":2,"minecraft:apple":37,"minecraft:stone_axe":43,"minecraft:furnace":2,"minecraft:yellow_bed":4,"minecraft:oak_boat":5},"minecraft:killed":{"minecraft:pig":1,"minecraft:sheep":1,"minecraft:zombie":4,"minecraft:fox":1},"minecraft:custom":{"minecraft:interact_with_furnace":7,"minecraft:mob_kills":8,"minecraft:open_barrel":2,"minecraft:interact_with_crafting_table":10,"minecraft:play_one_minute":92865,"minecraft:leave_game":7,"minecraft:time_since_death":37193,"minecraft:sleep_in_bed":3,"minecraft:climb_one_cm":1859,"minecraft:time_since_rest":25671,"minecraft:sprint_one_cm":338289,"minecraft:damage_taken":2725,"minecraft:walk_one_cm":100365,"minecraft:drop":10,"minecraft:damage_dealt":986,"minecraft:swim_one_cm":39732,"minecraft:fly_one_cm":370074,"minecraft:open_chest":6,"minecraft:crouch_one_cm":2085,"minecraft:deaths":7,"minecraft:sneak_time":1402,"minecraft:walk_under_water_one_cm":6575,"minecraft:boat_one_cm":118451,"minecraft:jump":1508,"minecraft:interact_with_blast_furnace":1,"minecraft:walk_on_water_one_cm":7434,"minecraft:fall_one_cm":38765}},"DataVersion":2586}