{"stats":{"minecraft:crafted":{"minecraft:oak_planks":20,"minecraft:crafting_table":2,"minecraft:wooden_pickaxe":1,"minecraft:furnace":1,"minecraft:birch_planks":12,"minecraft:stone_axe":1,"minecraft:oak_boat":1,"minecraft:stick":16,"minecraft:stone_pickaxe":1},"minecraft:picked_up":{"minecraft:birch_log":3,"iceandfire:dragon_skull_lightning":5,"minecraft:crafting_table":4,"minecraft:oak_log":5,"gravestone:obituary":1,"minecraft:yellow_bed":4,"minecraft:dirt":36,"minecraft:red_bed":2,"minecraft:wheat_seeds":2,"minecraft:iron_ore":3,"minecraft:rose_bush":1,"minecraft:sugar_cane":20,"minecraft:oak_planks":2,"duneons:mushroomcreeperwoods":1,"minecraft:furnace":1,"iceandfire:dragonbone":52,"minecraft:sweet_berries":6,"minecraft:diorite":3,"minecraft:rotten_flesh":3,"duneons:spideregg":25,"minecraft:granite":2,"duneons:scarecrow":2,"minecraft:oak_sapling":1,"minecraft:cobblestone":45},"minecraft:killed_by":{"iceandfire:ice_dragon":5,"minecraft:zombie":2},"minecraft:dropped":{"minecraft:rotten_flesh":3,"minecraft:rose_bush":1,"gravestone:obituary":4},"minecraft:mined":{"minecraft:red_bed":2,"duneons:spideregg":25,"minecraft:crafting_table":4,"gravestone:gravestone":2,"minecraft:granite":2,"iceandfire:frozen_stone":1,"minecraft:grass_block":3,"minecraft:rose_bush":1,"minecraft:spruce_leaves":2,"minecraft:oak_planks":2,"minecraft:sugar_cane":11,"minecraft:diorite":3,"minecraft:furnace":1,"minecraft:birch_log":3,"minecraft:iron_ore":3,"minecraft:sweet_berry_bush":2,"minecraft:birch_leaves":2,"minecraft:yellow_bed":4,"duneons:creeperwoodstallgrass":6,"minecraft:grass":2,"minecraft:oak_log":5,"duneons:scarecrow":2,"minecraft:dirt":20,"minecraft:stone":45,"duneons:mushroomcreeperwoods":1,"minecraft:oak_leaves":9},"minecraft:used":{"minecraft:stone_pickaxe":56,"minecraft:wooden_pickaxe":5,"minecraft:cooked_chicken":2,"iceandfire:dragon_skull_lightning":1,"minecraft:crafting_table":4,"minecraft:red_bed":2,"minecraft:apple":25,"minecraft:stone_axe":5,"minecraft:furnace":1,"minecraft:yellow_bed":3,"minecraft:oak_boat":1},"minecraft:custom":{"minecraft:interact_with_furnace":3,"minecraft:mob_kills":1,"minecraft:open_barrel":2,"minecraft:interact_with_crafting_table":7,"minecraft:play_one_minute":68865,"minecraft:leave_game":7,"minecraft:time_since_death":13193,"minecraft:sleep_in_bed":3,"minecraft:time_since_rest":1671,"minecraft:sprint_one_cm":265926,"minecraft:damage_taken":2390,"minecraft:walk_one_cm":86515,"minecraft:drop":7,"minecraft:damage_dealt":65,"minecraft:swim_one_cm":39732,"minecraft:fly_one_cm":308085,"minecraft:open_chest":5,"minecraft:crouch_one_cm":1988,"minecraft:deaths":7,"minecraft:sneak_time":1255,"minecraft:walk_under_water_one_cm":6575,"minecraft:boat_one_cm":26499,"minecraft:jump":1212,"minecraft:interact_with_blast_furnace":1,"minecraft:walk_on_water_one_cm":7209,"minecraft:fall_one_cm":28887}},"DataVersion":2586}