{"stats":{"minecraft:crafted":{"minecraft:oak_planks":12,"minecraft:birch_planks":12,"minecraft:crafting_table":2,"minecraft:stick":16,"minecraft:wooden_pickaxe":1},"minecraft:picked_up":{"minecraft:birch_log":3,"minecraft:oak_log":3,"duneons:scarecrow":2,"minecraft:yellow_bed":3,"minecraft:red_bed":2},"minecraft:killed_by":{"minecraft:zombie":2},"minecraft:dropped":{"gravestone:obituary":1},"minecraft:mined":{"minecraft:grass":1,"minecraft:oak_log":3,"minecraft:grass_block":1,"duneons:scarecrow":2,"minecraft:red_bed":2,"minecraft:birch_log":3,"minecraft:birch_leaves":2,"minecraft:yellow_bed":3},"minecraft:used":{"minecraft:apple":2,"minecraft:crafting_table":1,"minecraft:cooked_chicken":2},"minecraft:custom":{"minecraft:open_barrel":2,"minecraft:time_since_rest":12646,"minecraft:crouch_one_cm":248,"minecraft:play_one_minute":31005,"minecraft:sprint_one_cm":68023,"minecraft:damage_taken":580,"minecraft:walk_one_cm":46577,"minecraft:deaths":2,"minecraft:sneak_time":150,"minecraft:drop":1,"minecraft:jump":313,"minecraft:leave_game":6,"minecraft:time_since_death":19141,"minecraft:sleep_in_bed":1,"minecraft:interact_with_crafting_table":1,"minecraft:fall_one_cm":7814,"minecraft:fly_one_cm":87621,"minecraft:open_chest":3}},"DataVersion":2586}