{"stats":{"minecraft:crafted":{"minecraft:oak_planks":20,"minecraft:crafting_table":2,"minecraft:wooden_pickaxe":1,"minecraft:furnace":1,"minecraft:birch_planks":12,"minecraft:stone_axe":1,"minecraft:air":0,"minecraft:oak_boat":1,"minecraft:stick":20,"minecraft:iron_ingot":1,"minecraft:stone_pickaxe":1,"minecraft:torch":8},"minecraft:picked_up":{"minecraft:birch_log":3,"iceandfire:dragon_skull_lightning":5,"minecraft:crafting_table":4,"minecraft:oak_log":5,"gravestone:obituary":1,"minecraft:yellow_bed":4,"minecraft:dirt":37,"minecraft:red_bed":2,"minecraft:wheat_seeds":2,"minecraft:oak_boat":5,"minecraft:iron_ore":3,"minecraft:rose_bush":1,"minecraft:bamboo":7,"minecraft:sugar_cane":20,"minecraft:oak_planks":2,"duneons:mushroomcreeperwoods":1,"minecraft:furnace":1,"iceandfire:dragonbone":52,"minecraft:sweet_berries":6,"minecraft:porkchop":2,"minecraft:diorite":3,"minecraft:spruce_log":6,"minecraft:rotten_flesh":3,"duneons:spideregg":25,"minecraft:granite":2,"duneons:scarecrow":2,"minecraft:oak_sapling":1,"minecraft:mutton":2,"minecraft:coal":19,"minecraft:white_wool":1,"minecraft:cobblestone":45},"minecraft:killed_by":{"iceandfire:ice_dragon":5,"minecraft:zombie":2},"minecraft:dropped":{"minecraft:rotten_flesh":3,"minecraft:rose_bush":1,"gravestone:obituary":4},"minecraft:mined":{"minecraft:red_bed":2,"minecraft:jungle_leaves":1,"duneons:spideregg":25,"minecraft:crafting_table":4,"gravestone:gravestone":2,"minecraft:granite":2,"iceandfire:frozen_stone":1,"minecraft:grass_block":4,"minecraft:rose_bush":1,"minecraft:tall_grass":1,"minecraft:spruce_leaves":3,"minecraft:oak_planks":2,"minecraft:sugar_cane":11,"minecraft:diorite":3,"minecraft:large_fern":8,"minecraft:seagrass":1,"minecraft:furnace":1,"minecraft:birch_log":3,"minecraft:iron_ore":3,"minecraft:sweet_berry_bush":2,"minecraft:spruce_log":6,"minecraft:birch_leaves":2,"minecraft:yellow_bed":4,"duneons:creeperwoodstallgrass":6,"minecraft:grass":6,"minecraft:coal_ore":19,"minecraft:oak_log":5,"duneons:scarecrow":2,"minecraft:dirt":20,"minecraft:bamboo":1,"minecraft:stone":45,"duneons:mushroomcreeperwoods":1,"minecraft:oak_leaves":10},"minecraft:used":{"minecraft:stone_pickaxe":75,"minecraft:wooden_pickaxe":5,"minecraft:cooked_chicken":2,"iceandfire:dragon_skull_lightning":1,"minecraft:dirt":24,"minecraft:crafting_table":5,"minecraft:red_bed":2,"minecraft:apple":35,"minecraft:stone_axe":22,"minecraft:furnace":2,"minecraft:yellow_bed":3,"minecraft:oak_boat":5},"minecraft:killed":{"minecraft:pig":1,"minecraft:sheep":1},"minecraft:custom":{"minecraft:interact_with_furnace":5,"minecraft:mob_kills":3,"minecraft:open_barrel":2,"minecraft:interact_with_crafting_table":9,"minecraft:play_one_minute":80865,"minecraft:leave_game":7,"minecraft:time_since_death":25193,"minecraft:sleep_in_bed":3,"minecraft:climb_one_cm":1859,"minecraft:time_since_rest":13671,"minecraft:sprint_one_cm":335691,"minecraft:damage_taken":2560,"minecraft:walk_one_cm":96036,"minecraft:drop":7,"minecraft:damage_dealt":245,"minecraft:swim_one_cm":39732,"minecraft:fly_one_cm":363156,"minecraft:open_chest":6,"minecraft:crouch_one_cm":2085,"minecraft:deaths":7,"minecraft:sneak_time":1402,"minecraft:walk_under_water_one_cm":6575,"minecraft:boat_one_cm":118451,"minecraft:jump":1479,"minecraft:interact_with_blast_furnace":1,"minecraft:walk_on_water_one_cm":7434,"minecraft:fall_one_cm":37242}},"DataVersion":2586}