{"stats":{"minecraft:custom":{"minecraft:jump":35,"minecraft:time_since_rest":3027,"minecraft:play_one_minute":3027,"minecraft:sprint_one_cm":4829,"minecraft:damage_taken":10,"minecraft:time_since_death":3027,"minecraft:walk_one_cm":2715,"minecraft:fall_one_cm":753,"minecraft:fly_one_cm":9472},"minecraft:mined":{"minecraft:birch_log":3,"minecraft:birch_leaves":2},"minecraft:crafted":{"minecraft:birch_planks":12,"minecraft:crafting_table":1,"minecraft:stick":8},"minecraft:picked_up":{"minecraft:birch_log":3}},"DataVersion":2586}