{"stats":{"minecraft:crafted":{"minecraft:oak_planks":20,"minecraft:crafting_table":2,"minecraft:spruce_planks":52,"minecraft:wooden_pickaxe":1,"minecraft:furnace":1,"minecraft:birch_planks":12,"minecraft:stone_axe":1,"minecraft:air":0,"minecraft:oak_boat":1,"minecraft:iron_chestplate":1,"minecraft:shield":1,"minecraft:iron_axe":1,"minecraft:stick":28,"minecraft:iron_ingot":32,"minecraft:iron_pickaxe":1,"minecraft:stone_pickaxe":1,"minecraft:chest":1,"minecraft:torch":8,"duneons:katana":1},"minecraft:picked_up":{"minecraft:birch_log":3,"iceandfire:dragon_skull_lightning":11,"minecraft:crafting_table":5,"minecraft:andesite":2,"minecraft:oak_log":5,"gravestone:obituary":1,"minecraft:yellow_bed":5,"minecraft:shield":1,"duneons:books":3,"minecraft:dirt":39,"minecraft:red_bed":2,"minecraft:wheat_seeds":2,"minecraft:iron_ingot":2,"minecraft:oak_boat":5,"minecraft:iron_ore":56,"minecraft:rose_bush":1,"minecraft:bamboo":14,"minecraft:sugar_cane":40,"minecraft:chest":1,"minecraft:oak_planks":2,"duneons:mushroomcreeperwoods":2,"minecraft:furnace":2,"minecraft:tipped_arrow":3,"iceandfire:dragonbone":104,"minecraft:sweet_berries":12,"minecraft:torch":5,"simpleores:copper_ore":5,"simpleores:tin_ore":7,"minecraft:porkchop":2,"minecraft:diorite":19,"minecraft:spruce_log":13,"minecraft:rotten_flesh":7,"duneons:spideregg":50,"minecraft:granite":2,"duneons:scarecrow":4,"minecraft:oak_sapling":2,"minecraft:mutton":2,"minecraft:coal":33,"minecraft:white_wool":1,"minecraft:cobblestone":73},"minecraft:killed_by":{"iceandfire:ice_dragon":5,"minecraft:zombie":2,"minecraft:enderman":1},"minecraft:dropped":{"minecraft:stone_axe":1,"minecraft:rotten_flesh":7,"minecraft:granite":2,"minecraft:diorite":3,"minecraft:mutton":2,"minecraft:rose_bush":1,"minecraft:chest":1,"minecraft:oak_sapling":1,"duneons:mushroomcreeperwoods":1,"duneons:books":3,"gravestone:obituary":5,"minecraft:stone_pickaxe":1,"iceandfire:dragon_skull_lightning":2},"minecraft:mined":{"minecraft:red_bed":2,"minecraft:jungle_leaves":1,"duneons:spideregg":25,"minecraft:torch":1,"simpleores:copper_ore":5,"minecraft:crafting_table":5,"gravestone:gravestone":3,"minecraft:granite":2,"iceandfire:frozen_stone":1,"minecraft:grass_block":4,"minecraft:rose_bush":1,"minecraft:tall_grass":1,"minecraft:spruce_leaves":5,"minecraft:oak_planks":2,"minecraft:sugar_cane":11,"minecraft:diorite":12,"minecraft:wall_torch":4,"minecraft:large_fern":8,"minecraft:seagrass":1,"minecraft:furnace":2,"minecraft:birch_log":3,"minecraft:iron_ore":45,"minecraft:sweet_berry_bush":2,"minecraft:spruce_log":13,"minecraft:andesite":2,"minecraft:birch_leaves":2,"minecraft:yellow_bed":5,"duneons:creeperwoodstallgrass":6,"minecraft:grass":6,"minecraft:coal_ore":29,"minecraft:oak_log":5,"duneons:scarecrow":2,"minecraft:dirt":22,"simpleores:tin_ore":7,"minecraft:bamboo":1,"minecraft:stone":73,"duneons:mushroomcreeperwoods":1,"minecraft:oak_leaves":10},"minecraft:used":{"minecraft:stone_pickaxe":104,"minecraft:chest":1,"minecraft:shield":6,"minecraft:wooden_pickaxe":5,"minecraft:cooked_chicken":2,"iceandfire:dragon_skull_lightning":1,"minecraft:torch":13,"minecraft:dirt":27,"minecraft:crafting_table":5,"minecraft:red_bed":2,"minecraft:apple":43,"minecraft:iron_axe":3,"minecraft:iron_pickaxe":76,"duneons:katana":7,"minecraft:stone_axe":50,"minecraft:furnace":2,"minecraft:yellow_bed":4,"minecraft:oak_boat":5},"minecraft:killed":{"minecraft:pig":1,"minecraft:creeper":1,"minecraft:sheep":1,"minecraft:skeleton":1,"minecraft:zombie":6,"minecraft:fox":1},"minecraft:custom":{"minecraft:interact_with_furnace":17,"minecraft:mob_kills":12,"minecraft:open_barrel":2,"minecraft:interact_with_crafting_table":16,"minecraft:play_one_minute":110865,"minecraft:leave_game":7,"minecraft:time_since_death":2639,"minecraft:sleep_in_bed":3,"minecraft:climb_one_cm":1859,"minecraft:time_since_rest":2697,"minecraft:sprint_one_cm":342904,"minecraft:damage_taken":3171,"minecraft:walk_one_cm":131653,"minecraft:damage_blocked_by_shield":280,"minecraft:drop":21,"minecraft:damage_dealt":2171,"minecraft:swim_one_cm":39732,"minecraft:fly_one_cm":374812,"minecraft:open_chest":9,"minecraft:crouch_one_cm":2146,"minecraft:deaths":8,"minecraft:sneak_time":1424,"minecraft:walk_under_water_one_cm":6575,"minecraft:boat_one_cm":118451,"minecraft:jump":1614,"minecraft:interact_with_blast_furnace":1,"minecraft:walk_on_water_one_cm":7434,"minecraft:fall_one_cm":39603}},"DataVersion":2586}