{"stats":{"minecraft:crafted":{"minecraft:oak_planks":12,"minecraft:crafting_table":2,"minecraft:stick":16,"minecraft:wooden_pickaxe":1,"minecraft:birch_planks":12},"minecraft:picked_up":{"minecraft:birch_log":3,"iceandfire:dragon_skull_lightning":5,"minecraft:crafting_table":1,"iceandfire:dragonbone":52,"minecraft:oak_log":3,"minecraft:yellow_bed":4,"minecraft:dirt":35,"minecraft:red_bed":2,"duneons:scarecrow":2,"minecraft:oak_planks":2},"minecraft:killed_by":{"minecraft:zombie":2},"minecraft:dropped":{"gravestone:obituary":1},"minecraft:mined":{"minecraft:red_bed":2,"minecraft:birch_log":3,"minecraft:birch_leaves":2,"minecraft:yellow_bed":4,"minecraft:crafting_table":1,"minecraft:grass":2,"minecraft:grass_block":2,"minecraft:oak_log":3,"duneons:scarecrow":2,"minecraft:dirt":20,"minecraft:oak_planks":2},"minecraft:used":{"minecraft:apple":8,"minecraft:wooden_pickaxe":1,"iceandfire:dragon_skull_lightning":1,"minecraft:cooked_chicken":2,"minecraft:crafting_table":1,"minecraft:yellow_bed":1},"minecraft:custom":{"minecraft:time_since_rest":12016,"minecraft:sprint_one_cm":136179,"minecraft:damage_taken":615,"minecraft:walk_one_cm":65720,"minecraft:drop":1,"minecraft:damage_dealt":40,"minecraft:swim_one_cm":2330,"minecraft:interact_with_crafting_table":2,"minecraft:fly_one_cm":162920,"minecraft:open_barrel":2,"minecraft:open_chest":3,"minecraft:crouch_one_cm":248,"minecraft:play_one_minute":44865,"minecraft:deaths":2,"minecraft:sneak_time":150,"minecraft:walk_under_water_one_cm":466,"minecraft:jump":629,"minecraft:leave_game":7,"minecraft:walk_on_water_one_cm":2810,"minecraft:time_since_death":33001,"minecraft:sleep_in_bed":2,"minecraft:fall_one_cm":14844}},"DataVersion":2586}