{"stats":{"minecraft:crafted":{"minecraft:oak_planks":12,"minecraft:crafting_table":2,"minecraft:stick":16,"minecraft:wooden_pickaxe":1,"minecraft:birch_planks":12},"minecraft:picked_up":{"minecraft:birch_log":3,"iceandfire:dragon_skull_lightning":5,"minecraft:crafting_table":1,"iceandfire:dragonbone":52,"minecraft:oak_log":3,"gravestone:obituary":1,"minecraft:yellow_bed":4,"minecraft:dirt":35,"minecraft:red_bed":2,"minecraft:rotten_flesh":3,"minecraft:wheat_seeds":2,"duneons:spideregg":25,"minecraft:rose_bush":1,"duneons:scarecrow":2,"minecraft:sugar_cane":9,"minecraft:oak_planks":2,"duneons:mushroomcreeperwoods":1},"minecraft:killed_by":{"iceandfire:ice_dragon":5,"minecraft:zombie":2},"minecraft:dropped":{"minecraft:rose_bush":1,"minecraft:rotten_flesh":3,"gravestone:obituary":4},"minecraft:mined":{"minecraft:red_bed":2,"minecraft:birch_log":3,"minecraft:birch_leaves":2,"duneons:spideregg":25,"gravestone:gravestone":2,"duneons:creeperwoodstallgrass":6,"minecraft:yellow_bed":4,"minecraft:crafting_table":1,"minecraft:grass":2,"minecraft:grass_block":2,"minecraft:oak_log":3,"minecraft:rose_bush":1,"duneons:scarecrow":2,"minecraft:dirt":20,"duneons:mushroomcreeperwoods":1,"minecraft:sugar_cane":5,"minecraft:oak_planks":2},"minecraft:used":{"minecraft:apple":15,"minecraft:wooden_pickaxe":1,"iceandfire:dragon_skull_lightning":1,"minecraft:cooked_chicken":2,"minecraft:crafting_table":1,"minecraft:red_bed":1,"minecraft:yellow_bed":2},"minecraft:custom":{"minecraft:time_since_rest":1224,"minecraft:interact_with_furnace":2,"minecraft:sprint_one_cm":207851,"minecraft:damage_taken":2247,"minecraft:walk_one_cm":77701,"minecraft:mob_kills":1,"minecraft:drop":7,"minecraft:damage_dealt":65,"minecraft:swim_one_cm":33029,"minecraft:interact_with_crafting_table":2,"minecraft:fly_one_cm":256178,"minecraft:open_barrel":2,"minecraft:open_chest":5,"minecraft:crouch_one_cm":373,"minecraft:play_one_minute":56865,"minecraft:deaths":7,"minecraft:sneak_time":320,"minecraft:walk_under_water_one_cm":6336,"minecraft:jump":966,"minecraft:interact_with_blast_furnace":1,"minecraft:leave_game":7,"minecraft:walk_on_water_one_cm":5897,"minecraft:time_since_death":1193,"minecraft:sleep_in_bed":2,"minecraft:fall_one_cm":23745}},"DataVersion":2586}