{"stats":{"minecraft:custom":{"minecraft:jump":118,"minecraft:time_since_rest":5946,"minecraft:play_one_minute":15027,"minecraft:deaths":2,"minecraft:sprint_one_cm":15601,"minecraft:damage_taken":530,"minecraft:time_since_death":3163,"minecraft:walk_one_cm":5958,"minecraft:drop":1,"minecraft:fall_one_cm":3154,"minecraft:fly_one_cm":34099},"minecraft:killed_by":{"minecraft:zombie":2},"minecraft:mined":{"minecraft:birch_log":3,"minecraft:birch_leaves":2},"minecraft:crafted":{"minecraft:birch_planks":12,"minecraft:crafting_table":1,"minecraft:stick":8},"minecraft:picked_up":{"minecraft:birch_log":3},"minecraft:dropped":{"gravestone:obituary":1}},"DataVersion":2586}