{"stats":{"minecraft:crafted":{"minecraft:oak_planks":12,"minecraft:crafting_table":2,"minecraft:stick":16,"minecraft:wooden_pickaxe":1,"minecraft:birch_planks":12},"minecraft:picked_up":{"minecraft:birch_log":3,"minecraft:crafting_table":1,"minecraft:oak_log":3,"minecraft:yellow_bed":4,"minecraft:red_bed":2,"duneons:scarecrow":2},"minecraft:killed_by":{"minecraft:zombie":2},"minecraft:dropped":{"gravestone:obituary":1},"minecraft:mined":{"minecraft:red_bed":2,"minecraft:birch_log":3,"minecraft:birch_leaves":2,"minecraft:yellow_bed":4,"minecraft:crafting_table":1,"minecraft:grass":1,"minecraft:grass_block":1,"minecraft:oak_log":3,"duneons:scarecrow":2},"minecraft:used":{"minecraft:apple":2,"minecraft:wooden_pickaxe":1,"minecraft:cooked_chicken":2,"minecraft:crafting_table":1,"minecraft:yellow_bed":1},"minecraft:custom":{"minecraft:time_since_rest":2667,"minecraft:sprint_one_cm":72163,"minecraft:damage_taken":580,"minecraft:walk_one_cm":52769,"minecraft:drop":1,"minecraft:damage_dealt":25,"minecraft:swim_one_cm":2330,"minecraft:interact_with_crafting_table":2,"minecraft:fly_one_cm":93357,"minecraft:open_barrel":2,"minecraft:open_chest":3,"minecraft:crouch_one_cm":248,"minecraft:play_one_minute":35516,"minecraft:deaths":2,"minecraft:sneak_time":150,"minecraft:walk_under_water_one_cm":466,"minecraft:jump":358,"minecraft:leave_game":7,"minecraft:time_since_death":23652,"minecraft:walk_on_water_one_cm":56,"minecraft:sleep_in_bed":2,"minecraft:fall_one_cm":8232}},"DataVersion":2586}