{"stats":{"minecraft:crafted":{"travelersbackpack:iron":1,"minecraft:oak_planks":32,"minecraft:stone_shovel":1,"minecraft:cobblestone_slab":6,"minecraft:furnace":4,"minecraft:glass":12,"travelersbackpack:white_sleeping_bag":1,"minecraft:iron_boots":1,"minecraft:iron_axe":1,"minecraft:stone_pickaxe":1,"minecraft:chest":10,"minecraft:wheat":216,"simpleores:tin_ingot":12,"minecraft:wooden_shovel":1,"minecraft:crafting_table":3,"travelersbackpack:standard":1,"travelersbackpack:backpack_tank":2,"minecraft:enchanting_table":1,"minecraft:iron_helmet":1,"minecraft:wooden_pickaxe":1,"minecraft:bucket":1,"minecraft:stone_axe":1,"minecraft:bread":73,"minecraft:air":0,"minecraft:iron_chestplate":1,"minecraft:diamond_pickaxe":1,"minecraft:stick":60,"minecraft:iron_ingot":90,"minecraft:iron_pickaxe":2,"minecraft:wooden_axe":1,"minecraft:iron_leggings":1,"minecraft:gold_ingot":8,"minecraft:acacia_planks":132,"minecraft:torch":152,"duneons:diamondpickaxedungeon":1},"minecraft:picked_up":{"minecraft:crafting_table":2,"minecraft:chicken":1,"duneons:swamplog":6,"iceandfire:copper_ore":5,"duneons:dagger":1,"minecraft:wooden_pickaxe":1,"gemsnjewels:citrine":13,"minecraft:enchanted_book":14,"duneons:broom":2,"minecraft:knowledge_book":12,"minecraft:stone_brick_stairs":4,"minecraft:string":7,"duneons:coin":4,"minecraft:iron_axe":1,"gemsnjewels:sapphire":3,"minecraft:flint_and_steel":1,"duneons:goldchest":3,"minecraft:gold_nugget":12,"duneons:whip":2,"minecraft:beef":13,"duneons:ablebook":1,"minecraft:iron_nugget":35,"minecraft:sugar_cane":11,"minecraft:chest":1,"minecraft:furnace":4,"minecraft:iron_boots":1,"minecraft:egg":4,"minecraft:sandstone":31,"minecraft:torch":29,"minecraft:acacia_log":33,"iceandfire:silver_ore":7,"gemsnjewels:dusk_emerald":4,"minecraft:porkchop":85,"simpleores:copper_ore":47,"simpleores:tin_ore":61,"duneons:monkeytotem":1,"duneons:graydungeonsglass":4,"simpleores:mythril_ore":15,"minecraft:diorite":19,"minecraft:redstone":50,"duneons:rainbowgrass":1,"minecraft:golden_chestplate":1,"minecraft:cactus":9,"minecraft:rotten_flesh":8,"duneons:spearbig":1,"minecraft:golden_hoe":1,"minecraft:hay_block":24,"minecraft:saddle":1,"duneons:scarecrow":1,"minecraft:obsidian":16,"minecraft:mutton":4,"duneons:statue":2,"minecraft:white_wool":4,"minecraft:cobblestone":652,"duneons:stonehorse":6,"minecraft:lime_bed":1,"minecraft:andesite":2,"minecraft:leather":7,"duneons:claymoreblue":1,"duneons:evokerdisc":2,"minecraft:smooth_sandstone_stairs":2,"minecraft:oak_log":10,"minecraft:gunpowder":2,"minecraft:lapis_lazuli":153,"minecraft:dirt":81,"duneons:goldenspear":1,"duneons:diamondchest":4,"minecraft:smooth_sandstone":5,"minecraft:bone":5,"minecraft:stone_bricks":38,"duneons:giter":1,"minecraft:wheat_seeds":7,"minecraft:iron_ingot":16,"minecraft:stone_pickaxe":1,"minecraft:iron_ore":143,"duneons:brikercolon":2,"simpleores:adamantium_ore":20,"minecraft:oak_planks":1,"minecraft:acacia_sapling":4,"minecraft:book":30,"duneons:reddungeonsglass":1,"minecraft:cooked_porkchop":4,"duneons:dungeoncactus":2,"minecraft:gravel":1,"minecraft:sand":81,"minecraft:blast_furnace":2,"minecraft:gold_ore":16,"duneons:poleaxe":2,"minecraft:spider_eye":1,"duneons:golemtotem":1,"gemsnjewels:sable_amethyst":2,"duneons:punkindoor":2,"minecraft:diamond":19,"simpleores:tin_ingot":12,"duneons:vangardpotion":2,"minecraft:granite":45,"minecraft:emerald":81,"minecraft:chainmail_helmet":1,"minecraft:bread":37,"duneons:cauidronwitch":1,"minecraft:coal":318,"minecraft:ender_pearl":3},"minecraft:killed_by":{"duneons:zombievangruard":1,"iceandfire:gorgon":2,"duneons:wraith":1},"minecraft:dropped":{"minecraft:enchanted_book":10,"minecraft:porkchop":1,"minecraft:wheat_seeds":2,"duneons:broom":2,"minecraft:knowledge_book":4,"duneons:brikercolon":1,"minecraft:stone_axe":1,"minecraft:stone_shovel":1,"minecraft:beetroot":3,"duneons:dungeoncactus":2,"minecraft:acacia_sapling":1,"minecraft:wooden_shovel":1,"minecraft:bow":1},"minecraft:mined":{"duneons:bigclayvase":2,"minecraft:diamond_ore":19,"duneons:dungeoncactus":1,"iceandfire:silver_ore":7,"duneons:diamondchest":4,"gemsnjewels:sable_amethyst_ore_block":2,"minecraft:obsidian":17,"gravestone:gravestone":3,"minecraft:granite":36,"minecraft:acacia_log":34,"minecraft:grass_block":23,"gemsnjewels:dusk_emerald_ore_block":4,"duneons:graydungeonsglass":2,"gemsnjewels:sapphire_ore_block":3,"minecraft:sandstone":19,"duneons:cauidronwitch":1,"minecraft:spawner":2,"duneons:reddungeonsglass":1,"minecraft:hay_block":24,"minecraft:redstone_ore":11,"minecraft:furnace":4,"iceandfire:copper_ore":3,"minecraft:iron_ore":143,"minecraft:andesite":2,"simpleores:adamantium_ore":20,"duneons:swamplog":3,"minecraft:bookshelf":9,"duneons:loot_biggrey":12,"minecraft:smooth_sandstone_stairs":2,"simpleores:tin_ore":42,"minecraft:stone":556,"duneons:ablebook":1,"duneons:statue":2,"duneons:clayvase":1,"minecraft:acacia_leaves":3,"duneons:bookshelfvangard":8,"minecraft:smooth_sandstone":2,"minecraft:crafting_table":2,"minecraft:torch":5,"simpleores:copper_ore":37,"minecraft:blast_furnace":2,"minecraft:chest":1,"duneons:brikercolon":1,"minecraft:tall_grass":2,"minecraft:cobblestone":13,"minecraft:lapis_ore":24,"minecraft:oak_planks":1,"minecraft:sugar_cane":6,"duneons:bookshelfdun":8,"minecraft:diorite":19,"minecraft:wall_torch":19,"duneons:goldchest":3,"duneons:stonehorse":6,"minecraft:cactus":1,"minecraft:lime_bed":1,"minecraft:stone_brick_stairs":4,"duneons:broom":1,"minecraft:grass":27,"simpleores:mythril_ore":15,"minecraft:oak_log":10,"minecraft:coal_ore":305,"duneons:scarecrow":1,"minecraft:sand":53,"minecraft:dirt":24,"minecraft:cobweb":1,"duneons:teapot":1,"minecraft:stone_bricks":22,"minecraft:gold_ore":16,"gemsnjewels:citrine_ore_block":12,"minecraft:oak_leaves":4},"minecraft:custom":{"minecraft:mob_kills":66,"minecraft:interact_with_crafting_table":40,"minecraft:time_since_death":29610,"minecraft:climb_one_cm":364,"minecraft:sprint_one_cm":424172,"minecraft:walk_one_cm":359579,"minecraft:drop":28,"minecraft:talked_to_villager":1,"minecraft:deaths":4,"minecraft:sneak_time":6194,"minecraft:walk_under_water_one_cm":2775,"minecraft:jump":2069,"minecraft:interact_with_blast_furnace":11,"minecraft:walk_on_water_one_cm":35038,"minecraft:enchant_item":6,"minecraft:interact_with_furnace":46,"minecraft:play_one_minute":145120,"minecraft:sleep_in_bed":8,"minecraft:time_since_rest":29638,"minecraft:damage_taken":2147483647,"minecraft:damage_dealt":10245,"minecraft:swim_one_cm":1609,"minecraft:fly_one_cm":366653,"minecraft:open_chest":77,"minecraft:crouch_one_cm":19964,"minecraft:fall_one_cm":36428},"minecraft:used":{"minecraft:enchanting_table":1,"minecraft:chest":10,"minecraft:wooden_shovel":36,"minecraft:smooth_sandstone_stairs":1,"minecraft:torch":152,"duneons:diamondchest":2,"minecraft:dirt":6,"travelersbackpack:iron":1,"minecraft:granite":8,"minecraft:wooden_axe":40,"duneons:vila":51,"minecraft:iron_axe":43,"duneons:macefix":37,"minecraft:stone_bricks":4,"minecraft:furnace":8,"minecraft:acacia_planks":4,"minecraft:water_bucket":36,"minecraft:diorite":13,"duneons:scarecrow":1,"duneons:statue":2,"minecraft:oak_planks":1,"minecraft:wooden_pickaxe":10,"minecraft:sandstone":6,"duneons:goldchest":1,"minecraft:cobblestone_slab":2,"duneons:stonehorse":6,"minecraft:golden_hoe":24,"duneons:strengthenironpickaxe":597,"minecraft:lime_bed":1,"minecraft:crafting_table":5,"minecraft:blast_furnace":2,"duneons:dagger":73,"duneons:diamondpickaxedungeon":272,"minecraft:oak_log":2,"minecraft:diamond_pickaxe":233,"duneons:claymoreblue":2,"minecraft:bread":41,"minecraft:iron_pickaxe":321,"duneons:reddungeonsglass":1,"minecraft:stone_axe":24,"minecraft:cobblestone":174,"minecraft:bucket":36,"duneons:poleaxe":4},"minecraft:killed":{"duneons:zombievangruard":2,"iceandfire:gorgon":1,"minecraft:spider":2,"duneons:wraith":4,"minecraft:horse":3,"duneons:pigchest":3,"minecraft:chicken":1,"minecraft:husk":1,"minecraft:pig":22,"minecraft:creeper":4,"minecraft:sheep":4,"minecraft:pillager":1,"duneons:vindicatorroyaleblue":7,"minecraft:zombie":3,"minecraft:cow":7},"minecraft:broken":{"duneons:strengthenironpickaxe":2,"minecraft:iron_pickaxe":1,"minecraft:wooden_axe":1}},"DataVersion":2586}