{"stats":{"minecraft:custom":{"minecraft:jump":24,"minecraft:time_since_rest":2385,"minecraft:damage_dealt":131,"minecraft:crouch_one_cm":788,"minecraft:play_one_minute":2385,"minecraft:sprint_one_cm":4035,"minecraft:time_since_death":2385,"minecraft:walk_one_cm":4254,"minecraft:sneak_time":524,"minecraft:interact_with_crafting_table":1,"minecraft:fly_one_cm":3991},"minecraft:used":{"minecraft:wooden_axe":10,"minecraft:oak_planks":1,"minecraft:crafting_table":1},"minecraft:mined":{"minecraft:oak_log":6},"minecraft:crafted":{"minecraft:crafting_table":1,"minecraft:oak_planks":24,"minecraft:stick":4,"minecraft:wooden_axe":1},"minecraft:picked_up":{"minecraft:oak_log":6}},"DataVersion":2586}