{"stats":{"minecraft:custom":{"minecraft:interact_with_furnace":4,"minecraft:mob_kills":5,"minecraft:interact_with_crafting_table":8,"minecraft:play_one_minute":26385,"minecraft:time_since_death":26385,"minecraft:sleep_in_bed":2,"minecraft:time_since_rest":9714,"minecraft:sprint_one_cm":62323,"minecraft:damage_taken":370,"minecraft:walk_one_cm":75734,"minecraft:damage_dealt":776,"minecraft:fly_one_cm":71760,"minecraft:open_chest":7,"minecraft:crouch_one_cm":4066,"minecraft:sneak_time":1802,"minecraft:jump":465,"minecraft:walk_on_water_one_cm":317,"minecraft:fall_one_cm":6938},"minecraft:used":{"minecraft:diorite":9,"minecraft:oak_planks":1,"minecraft:wooden_pickaxe":10,"minecraft:sandstone":1,"duneons:goldchest":1,"minecraft:wooden_shovel":36,"minecraft:smooth_sandstone_stairs":1,"minecraft:torch":20,"duneons:diamondchest":2,"minecraft:golden_hoe":24,"minecraft:dirt":6,"minecraft:crafting_table":4,"duneons:strengthenironpickaxe":294,"minecraft:lime_bed":1,"minecraft:granite":4,"minecraft:wooden_axe":40,"minecraft:bread":5,"duneons:reddungeonsglass":1,"minecraft:stone_bricks":3,"minecraft:cobblestone":18,"minecraft:furnace":2},"minecraft:broken":{"minecraft:wooden_axe":1},"minecraft:killed":{"duneons:zombievangruard":1,"minecraft:pig":4},"minecraft:mined":{"duneons:diamondchest":2,"minecraft:crafting_table":2,"minecraft:smooth_sandstone":2,"minecraft:torch":2,"simpleores:copper_ore":2,"minecraft:granite":15,"minecraft:acacia_log":5,"minecraft:grass_block":18,"minecraft:tall_grass":1,"duneons:graydungeonsglass":1,"minecraft:oak_planks":1,"minecraft:diorite":9,"minecraft:sandstone":13,"minecraft:wall_torch":8,"duneons:goldchest":1,"duneons:reddungeonsglass":1,"minecraft:hay_block":24,"minecraft:cactus":1,"minecraft:lime_bed":1,"minecraft:iron_ore":25,"minecraft:stone_brick_stairs":2,"minecraft:grass":3,"minecraft:bookshelf":1,"duneons:swamplog":3,"minecraft:coal_ore":52,"minecraft:oak_log":6,"duneons:loot_biggrey":3,"minecraft:sand":38,"minecraft:dirt":23,"minecraft:smooth_sandstone_stairs":1,"simpleores:tin_ore":8,"minecraft:stone_bricks":12,"minecraft:stone":141},"minecraft:crafted":{"minecraft:oak_planks":24,"minecraft:wooden_shovel":1,"minecraft:crafting_table":2,"minecraft:wooden_pickaxe":1,"minecraft:furnace":2,"minecraft:bread":73,"minecraft:stick":24,"minecraft:wooden_axe":1,"minecraft:acacia_planks":20,"minecraft:torch":72,"minecraft:wheat":216},"minecraft:picked_up":{"minecraft:lime_bed":1,"minecraft:crafting_table":2,"duneons:swamplog":3,"minecraft:stone_brick_stairs":2,"minecraft:smooth_sandstone_stairs":1,"minecraft:oak_log":6,"minecraft:dirt":36,"minecraft:string":2,"duneons:diamondchest":2,"minecraft:smooth_sandstone":2,"minecraft:stone_bricks":11,"duneons:goldchest":1,"minecraft:iron_ore":25,"minecraft:oak_planks":1,"minecraft:book":3,"minecraft:egg":1,"minecraft:sandstone":13,"duneons:reddungeonsglass":1,"minecraft:torch":10,"minecraft:acacia_log":5,"simpleores:tin_ore":8,"simpleores:copper_ore":2,"minecraft:porkchop":7,"minecraft:sand":33,"duneons:graydungeonsglass":1,"minecraft:diorite":9,"minecraft:cactus":3,"minecraft:rotten_flesh":1,"minecraft:hay_block":24,"minecraft:granite":15,"minecraft:emerald":3,"minecraft:coal":52,"minecraft:cobblestone":139}},"DataVersion":2586}