{"stats":{"minecraft:custom":{"minecraft:time_since_rest":14385,"minecraft:sprint_one_cm":47399,"minecraft:damage_taken":110,"minecraft:walk_one_cm":40015,"minecraft:mob_kills":5,"minecraft:damage_dealt":599,"minecraft:interact_with_crafting_table":5,"minecraft:fly_one_cm":66134,"minecraft:open_chest":6,"minecraft:crouch_one_cm":1042,"minecraft:play_one_minute":14385,"minecraft:sneak_time":974,"minecraft:jump":298,"minecraft:time_since_death":14385,"minecraft:fall_one_cm":6185},"minecraft:used":{"minecraft:wooden_axe":37,"minecraft:oak_planks":1,"minecraft:wooden_pickaxe":10,"minecraft:wooden_shovel":14,"duneons:reddungeonsglass":1,"minecraft:stone_bricks":3,"minecraft:golden_hoe":24,"minecraft:dirt":6,"duneons:strengthenironpickaxe":35,"minecraft:crafting_table":3},"minecraft:killed":{"duneons:zombievangruard":1,"minecraft:pig":4},"minecraft:mined":{"duneons:reddungeonsglass":1,"minecraft:hay_block":24,"minecraft:cactus":1,"duneons:diamondchest":1,"minecraft:stone_brick_stairs":2,"minecraft:crafting_table":2,"minecraft:grass":3,"minecraft:acacia_log":5,"minecraft:bookshelf":1,"minecraft:grass_block":18,"minecraft:oak_log":6,"duneons:loot_biggrey":3,"minecraft:sand":15,"minecraft:dirt":23,"minecraft:tall_grass":1,"minecraft:stone":18,"duneons:graydungeonsglass":1,"minecraft:stone_bricks":12,"minecraft:oak_planks":1,"minecraft:sandstone":1,"duneons:goldchest":1},"minecraft:crafted":{"minecraft:oak_planks":24,"minecraft:wooden_shovel":1,"minecraft:crafting_table":2,"minecraft:stick":8,"minecraft:wooden_pickaxe":1,"minecraft:wooden_axe":1,"minecraft:acacia_planks":20},"minecraft:picked_up":{"minecraft:crafting_table":2,"minecraft:sandstone":1,"duneons:reddungeonsglass":1,"minecraft:acacia_log":5,"minecraft:porkchop":7,"minecraft:sand":10,"minecraft:stone_brick_stairs":2,"minecraft:oak_log":6,"duneons:graydungeonsglass":1,"minecraft:dirt":36,"duneons:diamondchest":1,"minecraft:cactus":3,"minecraft:rotten_flesh":1,"minecraft:stone_bricks":11,"duneons:goldchest":1,"minecraft:hay_block":24,"minecraft:emerald":3,"minecraft:oak_planks":1,"minecraft:cobblestone":18,"minecraft:egg":1,"minecraft:book":3}},"DataVersion":2586}