{"stats":{"minecraft:custom":{"minecraft:interact_with_furnace":17,"minecraft:mob_kills":16,"minecraft:interact_with_crafting_table":15,"minecraft:play_one_minute":38385,"minecraft:time_since_death":38385,"minecraft:sleep_in_bed":3,"minecraft:time_since_rest":8940,"minecraft:sprint_one_cm":99619,"minecraft:damage_taken":417,"minecraft:walk_one_cm":101350,"minecraft:drop":1,"minecraft:damage_dealt":2194,"minecraft:fly_one_cm":105689,"minecraft:open_chest":9,"minecraft:crouch_one_cm":7162,"minecraft:sneak_time":2790,"minecraft:jump":626,"minecraft:walk_on_water_one_cm":317,"minecraft:fall_one_cm":9883},"minecraft:used":{"minecraft:diorite":9,"minecraft:oak_planks":1,"minecraft:wooden_pickaxe":10,"minecraft:sandstone":1,"duneons:goldchest":1,"minecraft:wooden_shovel":36,"minecraft:smooth_sandstone_stairs":1,"minecraft:torch":22,"duneons:diamondchest":2,"minecraft:golden_hoe":24,"minecraft:dirt":6,"minecraft:crafting_table":4,"duneons:strengthenironpickaxe":298,"minecraft:lime_bed":1,"minecraft:granite":4,"minecraft:oak_log":2,"minecraft:wooden_axe":40,"minecraft:bread":8,"duneons:macefix":23,"duneons:reddungeonsglass":1,"minecraft:stone_bricks":4,"minecraft:stone_axe":24,"minecraft:cobblestone":38,"minecraft:furnace":4,"duneons:poleaxe":4},"minecraft:broken":{"duneons:strengthenironpickaxe":1,"minecraft:wooden_axe":1},"minecraft:killed":{"duneons:zombievangruard":1,"minecraft:pig":12,"duneons:vindicatorroyaleblue":1,"duneons:pigchest":2},"minecraft:mined":{"duneons:statue":1,"minecraft:acacia_leaves":1,"duneons:diamondchest":2,"minecraft:crafting_table":2,"minecraft:smooth_sandstone":2,"minecraft:torch":3,"simpleores:copper_ore":2,"minecraft:granite":15,"minecraft:acacia_log":20,"minecraft:grass_block":18,"minecraft:tall_grass":2,"duneons:graydungeonsglass":2,"minecraft:oak_planks":1,"minecraft:diorite":9,"minecraft:sandstone":13,"minecraft:wall_torch":9,"duneons:goldchest":1,"duneons:reddungeonsglass":1,"minecraft:hay_block":24,"duneons:stonehorse":1,"minecraft:cactus":1,"minecraft:lime_bed":1,"minecraft:iron_ore":25,"minecraft:stone_brick_stairs":2,"minecraft:grass":11,"minecraft:bookshelf":1,"duneons:swamplog":3,"minecraft:coal_ore":52,"minecraft:oak_log":10,"duneons:loot_biggrey":3,"minecraft:sand":38,"minecraft:dirt":23,"minecraft:smooth_sandstone_stairs":1,"simpleores:tin_ore":8,"minecraft:stone_bricks":14,"minecraft:stone":141,"minecraft:oak_leaves":1},"minecraft:crafted":{"minecraft:oak_planks":24,"minecraft:wooden_shovel":1,"minecraft:stone_shovel":1,"minecraft:crafting_table":2,"minecraft:iron_helmet":1,"minecraft:wooden_pickaxe":1,"minecraft:furnace":4,"minecraft:stone_axe":1,"minecraft:bread":73,"minecraft:air":0,"minecraft:iron_boots":1,"minecraft:iron_chestplate":1,"minecraft:stick":56,"minecraft:iron_ingot":24,"minecraft:stone_pickaxe":1,"minecraft:wooden_axe":1,"minecraft:iron_leggings":1,"minecraft:acacia_planks":76,"minecraft:torch":72,"minecraft:wheat":216},"minecraft:dropped":{"minecraft:beetroot":3},"minecraft:picked_up":{"duneons:stonehorse":1,"minecraft:lime_bed":1,"minecraft:crafting_table":2,"duneons:swamplog":3,"minecraft:stone_brick_stairs":2,"minecraft:smooth_sandstone_stairs":1,"minecraft:oak_log":10,"minecraft:dirt":36,"minecraft:string":2,"duneons:diamondchest":2,"minecraft:smooth_sandstone":2,"minecraft:stone_bricks":12,"duneons:goldchest":1,"minecraft:wheat_seeds":2,"minecraft:iron_ingot":4,"minecraft:iron_ore":25,"minecraft:acacia_sapling":1,"minecraft:oak_planks":1,"minecraft:book":3,"minecraft:egg":1,"minecraft:sandstone":13,"duneons:reddungeonsglass":1,"minecraft:torch":12,"minecraft:acacia_log":19,"simpleores:tin_ore":8,"simpleores:copper_ore":2,"minecraft:porkchop":28,"minecraft:sand":33,"duneons:graydungeonsglass":2,"minecraft:diorite":9,"duneons:poleaxe":1,"minecraft:cactus":3,"minecraft:rotten_flesh":1,"minecraft:hay_block":24,"minecraft:granite":15,"minecraft:emerald":4,"duneons:statue":1,"minecraft:coal":52,"minecraft:cobblestone":139}},"DataVersion":2586}