{"stats":{"minecraft:crafted":{"minecraft:oak_planks":32,"minecraft:cobblestone_slab":6,"minecraft:stone_shovel":1,"minecraft:furnace":4,"minecraft:iron_boots":1,"minecraft:stone_pickaxe":1,"minecraft:chest":4,"minecraft:wheat":216,"simpleores:tin_ingot":12,"minecraft:wooden_shovel":1,"minecraft:crafting_table":3,"minecraft:iron_helmet":1,"minecraft:wooden_pickaxe":1,"minecraft:bucket":1,"minecraft:stone_axe":1,"minecraft:bread":73,"minecraft:air":0,"minecraft:iron_chestplate":1,"minecraft:diamond_pickaxe":1,"minecraft:stick":56,"minecraft:iron_ingot":41,"minecraft:iron_pickaxe":2,"minecraft:wooden_axe":1,"minecraft:iron_leggings":1,"minecraft:acacia_planks":76,"minecraft:torch":72},"minecraft:picked_up":{"minecraft:crafting_table":2,"duneons:swamplog":3,"iceandfire:copper_ore":3,"gemsnjewels:citrine":13,"minecraft:stone_brick_stairs":2,"minecraft:string":2,"gemsnjewels:sapphire":1,"duneons:goldchest":1,"minecraft:egg":1,"minecraft:furnace":4,"minecraft:sandstone":17,"minecraft:acacia_log":19,"minecraft:torch":20,"gemsnjewels:dusk_emerald":2,"simpleores:copper_ore":14,"minecraft:porkchop":40,"simpleores:tin_ore":38,"duneons:graydungeonsglass":2,"simpleores:mythril_ore":7,"minecraft:diorite":14,"minecraft:redstone":9,"minecraft:cactus":3,"minecraft:rotten_flesh":3,"minecraft:hay_block":24,"duneons:statue":2,"minecraft:cobblestone":315,"duneons:stonehorse":6,"minecraft:lime_bed":1,"minecraft:smooth_sandstone_stairs":1,"minecraft:oak_log":10,"minecraft:gunpowder":1,"minecraft:lapis_lazuli":28,"minecraft:dirt":51,"duneons:diamondchest":2,"minecraft:smooth_sandstone":2,"minecraft:stone_bricks":12,"minecraft:wheat_seeds":2,"minecraft:iron_ingot":5,"minecraft:iron_ore":80,"simpleores:adamantium_ore":9,"minecraft:oak_planks":1,"minecraft:acacia_sapling":1,"minecraft:book":3,"duneons:reddungeonsglass":1,"minecraft:gravel":1,"minecraft:sand":33,"minecraft:blast_furnace":2,"duneons:poleaxe":1,"minecraft:gold_ore":2,"minecraft:diamond":10,"minecraft:granite":19,"minecraft:emerald":5,"minecraft:coal":259},"minecraft:killed_by":{"iceandfire:gorgon":2},"minecraft:dropped":{"minecraft:stone_axe":1,"minecraft:stone_shovel":1,"minecraft:beetroot":3,"minecraft:wooden_shovel":1,"minecraft:bow":1},"minecraft:mined":{"minecraft:diamond_ore":10,"duneons:diamondchest":2,"gravestone:gravestone":1,"minecraft:granite":19,"minecraft:acacia_log":20,"minecraft:grass_block":23,"gemsnjewels:dusk_emerald_ore_block":2,"duneons:graydungeonsglass":2,"gemsnjewels:sapphire_ore_block":1,"minecraft:sandstone":17,"duneons:reddungeonsglass":1,"minecraft:hay_block":24,"minecraft:redstone_ore":2,"minecraft:furnace":4,"iceandfire:copper_ore":3,"minecraft:iron_ore":81,"simpleores:adamantium_ore":9,"duneons:swamplog":3,"minecraft:bookshelf":1,"duneons:loot_biggrey":4,"minecraft:smooth_sandstone_stairs":1,"simpleores:tin_ore":38,"minecraft:stone":316,"duneons:statue":2,"minecraft:acacia_leaves":1,"minecraft:torch":4,"minecraft:smooth_sandstone":2,"minecraft:crafting_table":2,"simpleores:copper_ore":14,"minecraft:blast_furnace":2,"minecraft:tall_grass":2,"minecraft:cobblestone":6,"minecraft:lapis_ore":4,"minecraft:oak_planks":1,"minecraft:diorite":13,"minecraft:wall_torch":13,"duneons:goldchest":1,"duneons:stonehorse":6,"minecraft:lime_bed":1,"minecraft:cactus":1,"minecraft:stone_brick_stairs":2,"minecraft:grass":12,"simpleores:mythril_ore":7,"minecraft:coal_ore":246,"minecraft:oak_log":10,"minecraft:sand":38,"minecraft:dirt":24,"duneons:teapot":1,"minecraft:stone_bricks":14,"gemsnjewels:citrine_ore_block":12,"minecraft:gold_ore":2,"minecraft:oak_leaves":1},"minecraft:used":{"minecraft:chest":4,"minecraft:wooden_shovel":36,"minecraft:smooth_sandstone_stairs":1,"minecraft:torch":86,"duneons:diamondchest":2,"minecraft:dirt":6,"minecraft:granite":8,"minecraft:wooden_axe":40,"duneons:vila":22,"duneons:macefix":37,"minecraft:stone_bricks":4,"minecraft:furnace":8,"minecraft:water_bucket":6,"minecraft:diorite":13,"duneons:statue":2,"minecraft:oak_planks":1,"minecraft:wooden_pickaxe":10,"minecraft:sandstone":5,"minecraft:cobblestone_slab":2,"duneons:goldchest":1,"duneons:stonehorse":6,"minecraft:golden_hoe":24,"minecraft:crafting_table":5,"minecraft:lime_bed":1,"duneons:strengthenironpickaxe":597,"minecraft:blast_furnace":2,"minecraft:oak_log":2,"minecraft:diamond_pickaxe":58,"duneons:claymoreblue":2,"minecraft:bread":15,"minecraft:iron_pickaxe":199,"duneons:reddungeonsglass":1,"minecraft:stone_axe":24,"minecraft:cobblestone":137,"minecraft:bucket":7,"duneons:poleaxe":4},"minecraft:custom":{"minecraft:mob_kills":33,"minecraft:interact_with_crafting_table":23,"minecraft:time_since_death":37803,"minecraft:climb_one_cm":364,"minecraft:sprint_one_cm":212183,"minecraft:walk_one_cm":239209,"minecraft:drop":5,"minecraft:deaths":2,"minecraft:sneak_time":4519,"minecraft:walk_under_water_one_cm":1880,"minecraft:jump":1171,"minecraft:interact_with_blast_furnace":6,"minecraft:walk_on_water_one_cm":2733,"minecraft:interact_with_furnace":26,"minecraft:play_one_minute":85412,"minecraft:sleep_in_bed":6,"minecraft:time_since_rest":22657,"minecraft:damage_taken":2147483647,"minecraft:damage_dealt":4450,"minecraft:swim_one_cm":1609,"minecraft:fly_one_cm":181953,"minecraft:open_chest":12,"minecraft:crouch_one_cm":14040,"minecraft:fall_one_cm":19570},"minecraft:killed":{"duneons:zombievangruard":1,"iceandfire:gorgon":1,"duneons:wraith":3,"duneons:pigchest":2,"minecraft:pig":20,"minecraft:creeper":3,"duneons:vindicatorroyaleblue":1,"minecraft:zombie":2},"minecraft:broken":{"duneons:strengthenironpickaxe":2,"minecraft:wooden_axe":1}},"DataVersion":2586}