{"stats":{"minecraft:crafted":{"simpleores:tin_ingot":12,"minecraft:oak_planks":24,"minecraft:wooden_shovel":1,"minecraft:stone_shovel":1,"minecraft:crafting_table":2,"minecraft:wooden_pickaxe":1,"minecraft:iron_helmet":1,"minecraft:furnace":4,"minecraft:stone_axe":1,"minecraft:bread":73,"minecraft:air":0,"minecraft:iron_boots":1,"minecraft:iron_chestplate":1,"minecraft:stick":56,"minecraft:iron_pickaxe":2,"minecraft:iron_ingot":38,"minecraft:stone_pickaxe":1,"minecraft:wooden_axe":1,"minecraft:iron_leggings":1,"minecraft:acacia_planks":76,"minecraft:torch":72,"minecraft:wheat":216},"minecraft:picked_up":{"duneons:stonehorse":6,"minecraft:lime_bed":1,"minecraft:crafting_table":2,"iceandfire:copper_ore":3,"duneons:swamplog":3,"minecraft:stone_brick_stairs":2,"minecraft:smooth_sandstone_stairs":1,"minecraft:oak_log":10,"minecraft:gunpowder":1,"minecraft:dirt":41,"minecraft:string":2,"duneons:diamondchest":2,"minecraft:smooth_sandstone":2,"minecraft:stone_bricks":12,"duneons:goldchest":1,"minecraft:wheat_seeds":2,"minecraft:iron_ingot":5,"minecraft:iron_ore":56,"minecraft:acacia_sapling":1,"minecraft:oak_planks":1,"minecraft:furnace":4,"minecraft:egg":1,"minecraft:book":3,"minecraft:sandstone":17,"duneons:reddungeonsglass":1,"minecraft:torch":15,"minecraft:acacia_log":19,"minecraft:porkchop":40,"simpleores:copper_ore":10,"simpleores:tin_ore":37,"minecraft:sand":33,"simpleores:mythril_ore":5,"duneons:graydungeonsglass":2,"minecraft:blast_furnace":2,"minecraft:diorite":9,"duneons:poleaxe":1,"minecraft:cactus":3,"minecraft:rotten_flesh":3,"minecraft:hay_block":24,"minecraft:granite":19,"minecraft:emerald":5,"duneons:statue":2,"minecraft:coal":222,"minecraft:cobblestone":220},"minecraft:killed_by":{"iceandfire:gorgon":2},"minecraft:dropped":{"minecraft:stone_axe":1,"minecraft:stone_shovel":1,"minecraft:beetroot":3,"minecraft:wooden_shovel":1,"minecraft:bow":1},"minecraft:mined":{"duneons:statue":2,"minecraft:acacia_leaves":1,"duneons:diamondchest":2,"simpleores:copper_ore":10,"minecraft:smooth_sandstone":2,"minecraft:crafting_table":2,"minecraft:torch":4,"gravestone:gravestone":1,"minecraft:granite":19,"minecraft:blast_furnace":2,"minecraft:acacia_log":20,"minecraft:grass_block":23,"minecraft:tall_grass":2,"minecraft:cobblestone":3,"duneons:graydungeonsglass":2,"minecraft:oak_planks":1,"minecraft:sandstone":17,"minecraft:diorite":9,"minecraft:wall_torch":10,"duneons:goldchest":1,"duneons:reddungeonsglass":1,"minecraft:hay_block":24,"duneons:stonehorse":6,"minecraft:cactus":1,"minecraft:lime_bed":1,"minecraft:furnace":4,"iceandfire:copper_ore":3,"minecraft:iron_ore":56,"minecraft:stone_brick_stairs":2,"simpleores:mythril_ore":5,"minecraft:grass":12,"minecraft:bookshelf":1,"duneons:swamplog":3,"minecraft:oak_log":10,"minecraft:coal_ore":209,"duneons:loot_biggrey":4,"minecraft:sand":38,"minecraft:dirt":23,"minecraft:smooth_sandstone_stairs":1,"duneons:teapot":1,"simpleores:tin_ore":37,"minecraft:stone":235,"minecraft:stone_bricks":14,"minecraft:oak_leaves":1},"minecraft:used":{"minecraft:diorite":9,"duneons:statue":2,"minecraft:oak_planks":1,"minecraft:wooden_pickaxe":10,"minecraft:sandstone":5,"duneons:stonehorse":6,"minecraft:smooth_sandstone_stairs":1,"duneons:goldchest":1,"minecraft:wooden_shovel":36,"minecraft:torch":52,"duneons:diamondchest":2,"minecraft:golden_hoe":24,"minecraft:dirt":6,"duneons:strengthenironpickaxe":597,"minecraft:lime_bed":1,"minecraft:crafting_table":4,"minecraft:blast_furnace":2,"minecraft:granite":7,"minecraft:oak_log":2,"minecraft:wooden_axe":40,"duneons:claymoreblue":2,"duneons:vila":11,"minecraft:iron_pickaxe":56,"minecraft:bread":14,"duneons:macefix":37,"duneons:reddungeonsglass":1,"minecraft:stone_bricks":4,"minecraft:stone_axe":24,"minecraft:cobblestone":50,"minecraft:furnace":7,"duneons:poleaxe":4},"minecraft:killed":{"duneons:zombievangruard":1,"minecraft:pig":20,"iceandfire:gorgon":1,"minecraft:creeper":3,"duneons:vindicatorroyaleblue":1,"minecraft:zombie":2,"duneons:pigchest":2},"minecraft:custom":{"minecraft:interact_with_furnace":22,"minecraft:mob_kills":30,"minecraft:interact_with_crafting_table":19,"minecraft:play_one_minute":73412,"minecraft:time_since_death":25803,"minecraft:sleep_in_bed":6,"minecraft:climb_one_cm":364,"minecraft:time_since_rest":10657,"minecraft:sprint_one_cm":183021,"minecraft:damage_taken":2147483647,"minecraft:walk_one_cm":199213,"minecraft:drop":5,"minecraft:damage_dealt":3780,"minecraft:swim_one_cm":1609,"minecraft:fly_one_cm":172590,"minecraft:open_chest":10,"minecraft:crouch_one_cm":9841,"minecraft:deaths":2,"minecraft:sneak_time":3618,"minecraft:walk_under_water_one_cm":1880,"minecraft:jump":1062,"minecraft:interact_with_blast_furnace":6,"minecraft:walk_on_water_one_cm":1380,"minecraft:fall_one_cm":19094},"minecraft:broken":{"duneons:strengthenironpickaxe":2,"minecraft:wooden_axe":1}},"DataVersion":2586}