{"stats":{"minecraft:crafted":{"minecraft:oak_planks":32,"minecraft:cobblestone_slab":6,"minecraft:stone_shovel":1,"minecraft:furnace":4,"minecraft:iron_boots":1,"minecraft:iron_axe":1,"minecraft:stone_pickaxe":1,"minecraft:chest":8,"minecraft:wheat":216,"simpleores:tin_ingot":12,"minecraft:wooden_shovel":1,"minecraft:crafting_table":3,"minecraft:enchanting_table":1,"minecraft:iron_helmet":1,"minecraft:wooden_pickaxe":1,"minecraft:bucket":1,"minecraft:stone_axe":1,"minecraft:bread":73,"minecraft:air":0,"minecraft:iron_chestplate":1,"minecraft:diamond_pickaxe":1,"minecraft:stick":60,"minecraft:iron_ingot":79,"minecraft:iron_pickaxe":2,"minecraft:wooden_axe":1,"minecraft:gold_ingot":8,"minecraft:iron_leggings":1,"minecraft:acacia_planks":132,"minecraft:torch":152,"duneons:diamondpickaxedungeon":1},"minecraft:picked_up":{"minecraft:crafting_table":2,"minecraft:chicken":1,"duneons:swamplog":6,"iceandfire:copper_ore":5,"duneons:dagger":1,"minecraft:wooden_pickaxe":1,"minecraft:enchanted_book":8,"duneons:broom":2,"gemsnjewels:citrine":13,"minecraft:knowledge_book":8,"minecraft:stone_brick_stairs":4,"minecraft:string":7,"duneons:coin":4,"minecraft:iron_axe":1,"gemsnjewels:sapphire":3,"minecraft:flint_and_steel":1,"duneons:goldchest":3,"minecraft:gold_nugget":12,"duneons:whip":2,"minecraft:beef":13,"duneons:ablebook":1,"minecraft:iron_nugget":35,"minecraft:sugar_cane":11,"minecraft:chest":1,"minecraft:iron_boots":1,"minecraft:egg":3,"minecraft:furnace":4,"minecraft:sandstone":29,"minecraft:acacia_log":33,"minecraft:torch":26,"iceandfire:silver_ore":4,"gemsnjewels:dusk_emerald":4,"simpleores:copper_ore":42,"minecraft:porkchop":85,"simpleores:tin_ore":61,"duneons:monkeytotem":1,"duneons:graydungeonsglass":4,"simpleores:mythril_ore":11,"minecraft:diorite":17,"minecraft:redstone":38,"duneons:rainbowgrass":1,"minecraft:golden_chestplate":1,"minecraft:cactus":9,"duneons:spearbig":1,"minecraft:rotten_flesh":7,"minecraft:golden_hoe":1,"minecraft:hay_block":24,"minecraft:saddle":1,"minecraft:mutton":4,"minecraft:obsidian":4,"duneons:statue":2,"minecraft:white_wool":4,"minecraft:cobblestone":564,"duneons:stonehorse":6,"minecraft:lime_bed":1,"minecraft:leather":5,"duneons:claymoreblue":1,"duneons:evokerdisc":2,"minecraft:smooth_sandstone_stairs":1,"minecraft:oak_log":10,"minecraft:gunpowder":2,"minecraft:lapis_lazuli":28,"minecraft:dirt":81,"duneons:diamondchest":4,"minecraft:smooth_sandstone":5,"minecraft:bone":5,"minecraft:stone_bricks":38,"duneons:giter":1,"minecraft:wheat_seeds":7,"minecraft:stone_pickaxe":1,"minecraft:iron_ingot":15,"minecraft:iron_ore":91,"duneons:brikercolon":2,"simpleores:adamantium_ore":11,"minecraft:oak_planks":1,"minecraft:acacia_sapling":3,"minecraft:book":18,"minecraft:cooked_porkchop":4,"duneons:reddungeonsglass":1,"duneons:dungeoncactus":2,"minecraft:gravel":1,"minecraft:sand":81,"minecraft:blast_furnace":2,"minecraft:spider_eye":1,"duneons:poleaxe":2,"minecraft:gold_ore":8,"duneons:golemtotem":1,"gemsnjewels:sable_amethyst":2,"duneons:punkindoor":2,"minecraft:diamond":10,"simpleores:tin_ingot":12,"duneons:vangardpotion":2,"minecraft:granite":32,"minecraft:chainmail_helmet":1,"minecraft:bread":37,"minecraft:emerald":70,"duneons:cauidronwitch":1,"minecraft:coal":318,"minecraft:ender_pearl":3},"minecraft:killed_by":{"duneons:zombievangruard":1,"iceandfire:gorgon":2,"duneons:wraith":1},"minecraft:dropped":{"minecraft:enchanted_book":8,"minecraft:wheat_seeds":2,"duneons:broom":2,"minecraft:knowledge_book":4,"duneons:brikercolon":1,"minecraft:stone_axe":1,"minecraft:stone_shovel":1,"minecraft:beetroot":3,"duneons:dungeoncactus":2,"minecraft:wooden_shovel":1,"minecraft:bow":1},"minecraft:mined":{"minecraft:diamond_ore":10,"duneons:dungeoncactus":1,"iceandfire:silver_ore":4,"duneons:diamondchest":4,"gemsnjewels:sable_amethyst_ore_block":2,"minecraft:obsidian":4,"gravestone:gravestone":3,"minecraft:granite":22,"minecraft:acacia_log":34,"minecraft:grass_block":23,"gemsnjewels:dusk_emerald_ore_block":4,"duneons:graydungeonsglass":2,"gemsnjewels:sapphire_ore_block":3,"duneons:cauidronwitch":1,"minecraft:sandstone":17,"minecraft:spawner":2,"duneons:reddungeonsglass":1,"minecraft:hay_block":24,"minecraft:redstone_ore":8,"minecraft:furnace":4,"iceandfire:copper_ore":3,"minecraft:iron_ore":91,"simpleores:adamantium_ore":11,"duneons:swamplog":3,"minecraft:bookshelf":5,"duneons:loot_biggrey":9,"minecraft:smooth_sandstone_stairs":1,"simpleores:tin_ore":42,"minecraft:stone":467,"duneons:ablebook":1,"duneons:statue":2,"minecraft:acacia_leaves":3,"duneons:bookshelfvangard":4,"minecraft:torch":4,"minecraft:smooth_sandstone":2,"minecraft:crafting_table":2,"simpleores:copper_ore":32,"minecraft:blast_furnace":2,"minecraft:chest":1,"duneons:brikercolon":1,"minecraft:tall_grass":2,"minecraft:cobblestone":8,"minecraft:sugar_cane":6,"minecraft:lapis_ore":4,"duneons:bookshelfdun":4,"minecraft:oak_planks":1,"minecraft:diorite":16,"minecraft:wall_torch":19,"duneons:goldchest":3,"duneons:stonehorse":6,"minecraft:lime_bed":1,"minecraft:cactus":1,"duneons:broom":1,"minecraft:stone_brick_stairs":2,"minecraft:grass":22,"simpleores:mythril_ore":11,"minecraft:coal_ore":305,"minecraft:oak_log":10,"minecraft:sand":53,"minecraft:dirt":24,"minecraft:cobweb":1,"duneons:teapot":1,"minecraft:stone_bricks":14,"gemsnjewels:citrine_ore_block":12,"minecraft:gold_ore":8,"minecraft:oak_leaves":1},"minecraft:custom":{"minecraft:mob_kills":61,"minecraft:interact_with_crafting_table":32,"minecraft:time_since_death":5902,"minecraft:climb_one_cm":364,"minecraft:sprint_one_cm":334899,"minecraft:walk_one_cm":309712,"minecraft:drop":24,"minecraft:talked_to_villager":1,"minecraft:deaths":4,"minecraft:sneak_time":5890,"minecraft:walk_under_water_one_cm":2775,"minecraft:jump":1804,"minecraft:interact_with_blast_furnace":10,"minecraft:walk_on_water_one_cm":9017,"minecraft:enchant_item":6,"minecraft:interact_with_furnace":37,"minecraft:play_one_minute":121412,"minecraft:sleep_in_bed":8,"minecraft:time_since_rest":5930,"minecraft:damage_taken":2147483647,"minecraft:damage_dealt":9085,"minecraft:swim_one_cm":1609,"minecraft:fly_one_cm":312699,"minecraft:open_chest":53,"minecraft:crouch_one_cm":18678,"minecraft:fall_one_cm":32956},"minecraft:used":{"minecraft:enchanting_table":1,"minecraft:chest":8,"minecraft:wooden_shovel":36,"minecraft:smooth_sandstone_stairs":1,"minecraft:torch":120,"duneons:diamondchest":2,"minecraft:dirt":6,"minecraft:granite":8,"minecraft:wooden_axe":40,"duneons:vila":51,"minecraft:iron_axe":31,"duneons:macefix":37,"minecraft:stone_bricks":4,"minecraft:furnace":8,"minecraft:acacia_planks":4,"minecraft:water_bucket":13,"minecraft:diorite":13,"duneons:statue":2,"minecraft:oak_planks":1,"minecraft:wooden_pickaxe":10,"minecraft:sandstone":5,"minecraft:cobblestone_slab":2,"duneons:goldchest":1,"duneons:stonehorse":6,"minecraft:golden_hoe":24,"minecraft:crafting_table":5,"minecraft:lime_bed":1,"duneons:strengthenironpickaxe":597,"minecraft:blast_furnace":2,"duneons:dagger":47,"duneons:diamondpickaxedungeon":5,"minecraft:oak_log":2,"minecraft:diamond_pickaxe":233,"duneons:claymoreblue":2,"minecraft:bread":30,"minecraft:iron_pickaxe":321,"duneons:reddungeonsglass":1,"minecraft:stone_axe":24,"minecraft:cobblestone":146,"minecraft:bucket":13,"duneons:poleaxe":4},"minecraft:killed":{"duneons:zombievangruard":1,"minecraft:spider":2,"iceandfire:gorgon":1,"duneons:wraith":4,"duneons:pigchest":3,"minecraft:chicken":1,"minecraft:husk":1,"minecraft:pig":22,"minecraft:creeper":4,"minecraft:sheep":4,"minecraft:pillager":1,"duneons:vindicatorroyaleblue":6,"minecraft:zombie":3,"minecraft:cow":7},"minecraft:broken":{"duneons:strengthenironpickaxe":2,"minecraft:iron_pickaxe":1,"minecraft:wooden_axe":1}},"DataVersion":2586}