{"stats":{"minecraft:crafted":{"minecraft:oak_planks":20,"minecraft:stone_shovel":1,"minecraft:crafting_table":1,"minecraft:stick":12,"minecraft:wooden_pickaxe":1,"minecraft:stone_pickaxe":1,"minecraft:stone_sword":1,"minecraft:furnace":1,"minecraft:white_bed":1,"minecraft:stone_axe":1},"minecraft:killed_by":{"minecraft:spider":1,"minecraft:zombie":4,"duneons:zombievangruard":1},"minecraft:used":{"minecraft:cornflower":1,"minecraft:stone_pickaxe":13,"minecraft:wooden_pickaxe":18,"minecraft:stone_axe":1,"minecraft:dirt":23,"minecraft:crafting_table":4,"minecraft:birch_log":1,"minecraft:white_bed":1},"minecraft:picked_up":{"minecraft:birch_log":1,"minecraft:crafting_table":3,"minecraft:oak_log":5,"gravestone:obituary":7,"minecraft:cornflower":1,"minecraft:dirt":26,"minecraft:wheat_seeds":1,"minecraft:mutton":5,"minecraft:white_wool":4,"minecraft:cobblestone":31},"minecraft:mined":{"minecraft:birch_log":1,"minecraft:cornflower":1,"minecraft:crafting_table":3,"gravestone:gravestone":6,"minecraft:grass":43,"minecraft:grass_block":8,"minecraft:oak_log":5,"minecraft:dirt":18,"minecraft:tall_grass":1,"minecraft:stone":31,"minecraft:oak_leaves":1},"minecraft:killed":{"minecraft:sheep":4,"minecraft:zombie":1},"minecraft:custom":{"minecraft:time_since_rest":0,"minecraft:sprint_one_cm":30352,"minecraft:damage_taken":1700,"minecraft:walk_one_cm":37726,"minecraft:mob_kills":5,"minecraft:drop":8,"minecraft:damage_dealt":540,"minecraft:interact_with_crafting_table":4,"minecraft:fly_one_cm":42042,"minecraft:play_one_minute":18462,"minecraft:crouch_one_cm":1136,"minecraft:deaths":6,"minecraft:sneak_time":616,"minecraft:jump":204,"minecraft:leave_game":4,"minecraft:time_since_death":4490,"minecraft:sleep_in_bed":1,"minecraft:fall_one_cm":3135},"minecraft:dropped":{"gravestone:obituary":8}},"DataVersion":2586}