{"stats":{"minecraft:crafted":{"minecraft:oak_planks":100,"minecraft:stone_shovel":1,"minecraft:oak_sign":3,"minecraft:furnace":2,"minecraft:cobblestone_stairs":4,"minecraft:cooked_mutton":24,"travelersbackpack:white_sleeping_bag":4,"minecraft:stone_pickaxe":7,"minecraft:chest":3,"minecraft:wheat":189,"minecraft:cooked_beef":9,"minecraft:cooked_porkchop":14,"minecraft:crafting_table":6,"minecraft:iron_helmet":2,"minecraft:wooden_pickaxe":2,"minecraft:iron_sword":1,"minecraft:stone_axe":5,"minecraft:bread":63,"minecraft:air":0,"minecraft:jungle_planks":20,"duneons:planksbambbo":100,"minecraft:iron_chestplate":1,"minecraft:stick":64,"minecraft:iron_ingot":25,"minecraft:stone_sword":4,"minecraft:iron_leggings":1,"minecraft:white_bed":1,"minecraft:acacia_planks":32,"minecraft:torch":100},"minecraft:picked_up":{"minecraft:crafting_table":11,"minecraft:wheat":1,"minecraft:chainmail_boots":1,"duneons:swamplog":3,"duneons:leavesbigbamboo":1,"minecraft:potion":1,"gravestone:obituary":11,"minecraft:brewing_stand":1,"minecraft:shield":1,"minecraft:cornflower":1,"minecraft:beetroot":1,"minecraft:cracked_stone_bricks":5,"minecraft:beef":9,"minecraft:iron_pickaxe":1,"minecraft:light_gray_wool":1,"minecraft:lectern":1,"minecraft:iron_boots":1,"minecraft:furnace":4,"minecraft:stick":1,"minecraft:sandstone":5,"artifacts:charm_of_sinking":1,"minecraft:acacia_log":8,"minecraft:torch":18,"duneons:stonetablemaping":1,"minecraft:porkchop":14,"simpleores:tin_ore":16,"minecraft:diorite":14,"minecraft:redstone":1,"iceandfire:lightning_lily":1,"minecraft:arrow":9,"minecraft:rotten_flesh":3,"minecraft:beetroot_seeds":3,"duneons:planksbambbo":18,"minecraft:hay_block":21,"minecraft:mutton":24,"minecraft:iron_bars":10,"minecraft:cobblestone":176,"minecraft:white_wool":15,"minecraft:birch_log":14,"minecraft:lime_bed":1,"minecraft:andesite":5,"minecraft:jungle_log":5,"minecraft:leather":12,"minecraft:potato":14,"minecraft:oak_log":54,"minecraft:gunpowder":2,"minecraft:dirt":69,"duneons:chiseledstonebrickssand":2,"minecraft:smooth_sandstone":2,"minecraft:bone":12,"minecraft:stone_bricks":4,"minecraft:wheat_seeds":11,"minecraft:iron_ingot":7,"minecraft:iron_ore":25,"minecraft:rabbit":1,"minecraft:glass_bottle":2,"minecraft:iron_sword":1,"minecraft:book":27,"duneons:bamboolog":89,"minecraft:jungle_planks":4,"minecraft:sand":6,"minecraft:white_bed":4,"minecraft:acacia_stairs":4,"duneons:leaverpalm":2,"minecraft:spider_eye":2,"minecraft:mossy_cobblestone":2,"duneons:bubblecactus":12,"travelersbackpack:white_sleeping_bag":2,"minecraft:pumpkin_seeds":4,"duneons:stonebricksand":5,"duneons:palmlog":7,"minecraft:granite":1,"minecraft:gray_wool":2,"minecraft:oak_sapling":1,"minecraft:coal":147,"minecraft:ender_pearl":1},"minecraft:killed_by":{"minecraft:spider":3,"duneons:zombievangruard":1,"iceandfire:hippogryph":1,"artifacts:mimic":1,"minecraft:zombie":5,"duneons:red_coralskeletoncrossbow":4,"duneons:wraith":2},"minecraft:dropped":{"minecraft:iron_ingot":7,"minecraft:wheat_seeds":8,"minecraft:glass_bottle":2,"minecraft:cooked_porkchop":1,"minecraft:cobblestone":2,"minecraft:leather":6,"minecraft:jungle_planks":20,"minecraft:cracked_stone_bricks":1,"minecraft:stick":1,"minecraft:dirt":4,"duneons:stonebricksand":1,"gravestone:obituary":23,"minecraft:smooth_sandstone":1,"minecraft:redstone":1,"minecraft:light_gray_wool":1,"minecraft:oak_sign":2,"minecraft:shield":1,"duneons:leavesbigbamboo":1,"minecraft:gunpowder":2,"minecraft:spider_eye":2,"minecraft:arrow":1,"minecraft:wooden_pickaxe":1,"duneons:leaverpalm":2},"minecraft:mined":{"duneons:bubblecactus":12,"iceandfire:lightning_lily":1,"minecraft:white_bed":4,"minecraft:mossy_cobblestone":2,"duneons:stonebricksand":5,"minecraft:brewing_stand":1,"gravestone:gravestone":16,"minecraft:granite":1,"minecraft:acacia_log":6,"minecraft:grass_block":40,"minecraft:jungle_planks":4,"minecraft:jungle_log":5,"travelersbackpack:white_sleeping_bag":2,"minecraft:sandstone":8,"minecraft:spawner":11,"minecraft:hay_block":21,"duneons:bambootall":9,"minecraft:furnace":4,"minecraft:iron_ore":29,"minecraft:fire":7,"minecraft:andesite":5,"duneons:bamboolog":90,"duneons:swamplog":3,"minecraft:bookshelf":9,"minecraft:potatoes":3,"minecraft:vine":3,"minecraft:iron_bars":10,"duneons:planksbambbo":18,"simpleores:tin_ore":16,"minecraft:stone":173,"duneons:leavesbigbamboo":1,"duneons:bush":2,"duneons:chiseledstonebrickssand":2,"minecraft:smooth_sandstone":1,"minecraft:crafting_table":11,"minecraft:cornflower":1,"minecraft:lectern":1,"minecraft:tall_grass":3,"minecraft:cobblestone":4,"minecraft:diorite":14,"minecraft:wall_torch":1,"duneons:leaverpalm":1,"minecraft:lime_bed":1,"minecraft:birch_log":14,"minecraft:wheat":1,"duneons:stonetablemaping":1,"minecraft:birch_leaves":1,"minecraft:pumpkin_stem":2,"minecraft:grass":88,"minecraft:oak_log":54,"minecraft:coal_ore":60,"duneons:palmlog":7,"minecraft:beetroots":2,"minecraft:sand":8,"minecraft:dirt":33,"minecraft:cracked_stone_bricks":11,"minecraft:stone_bricks":8,"minecraft:oak_leaves":17},"minecraft:killed":{"minecraft:witch":1,"minecraft:spider":2,"duneons:wraith":3,"minecraft:skeleton":10,"artifacts:mimic":1,"minecraft:pig":6,"minecraft:rabbit":1,"minecraft:creeper":4,"minecraft:sheep":18,"duneons:vindicatorroyaleblue":1,"minecraft:zombie":7,"duneons:red_coralskeletoncrossbow":1,"minecraft:enderman":2,"minecraft:cow":4},"minecraft:custom":{"minecraft:mob_kills":60,"minecraft:interact_with_crafting_table":26,"minecraft:leave_game":9,"minecraft:time_since_death":3870,"minecraft:climb_one_cm":1516,"minecraft:sprint_one_cm":414928,"minecraft:walk_one_cm":363023,"minecraft:damage_blocked_by_shield":1255,"minecraft:drop":58,"minecraft:deaths":17,"minecraft:sneak_time":5210,"minecraft:walk_under_water_one_cm":1743,"minecraft:interact_with_brewingstand":1,"minecraft:jump":2002,"minecraft:walk_on_water_one_cm":14712,"minecraft:interact_with_furnace":41,"minecraft:interact_with_cartography_table":1,"minecraft:play_one_minute":157358,"minecraft:sleep_in_bed":8,"minecraft:time_since_rest":3902,"minecraft:damage_taken":7984,"minecraft:damage_absorbed":120,"minecraft:damage_dealt":10638,"minecraft:swim_one_cm":3189,"minecraft:fly_one_cm":421926,"minecraft:open_chest":85,"minecraft:crouch_one_cm":9220,"minecraft:fall_one_cm":55361},"minecraft:used":{"minecraft:stone_sword":162,"minecraft:stone_shovel":26,"minecraft:oak_sign":1,"minecraft:chest":3,"minecraft:shield":23,"minecraft:iron_sword":97,"minecraft:torch":112,"minecraft:dirt":59,"minecraft:jungle_planks":4,"minecraft:granite":1,"duneons:planksbambbo":74,"minecraft:oak_sapling":1,"minecraft:furnace":4,"minecraft:cooked_mutton":3,"minecraft:diorite":7,"minecraft:cobblestone_stairs":4,"minecraft:stone_pickaxe":301,"minecraft:wooden_pickaxe":83,"minecraft:sandstone":3,"minecraft:golden_apple":4,"minecraft:sand":6,"minecraft:lime_bed":1,"minecraft:crafting_table":13,"minecraft:white_bed":4,"minecraft:cornflower":1,"simpleores:tin_ore":2,"minecraft:bread":38,"travelersbackpack:white_sleeping_bag":2,"minecraft:stone_axe":191,"minecraft:cobblestone":29,"travelersbackpack:standard":1,"minecraft:cooked_porkchop":12,"minecraft:andesite":2,"minecraft:birch_log":3,"minecraft:gray_wool":2},"minecraft:broken":{"minecraft:stone_sword":1,"minecraft:wooden_pickaxe":1,"minecraft:stone_pickaxe":1,"minecraft:stone_axe":1}},"DataVersion":2586}