{"stats":{"minecraft:dropped":{"gravestone:obituary":4},"minecraft:killed":{"minecraft:sheep":4,"minecraft:zombie":1},"minecraft:crafted":{"minecraft:oak_planks":20,"minecraft:crafting_table":1,"minecraft:stick":4},"minecraft:mined":{"gravestone:gravestone":4,"minecraft:grass":43,"minecraft:grass_block":7,"minecraft:oak_log":5,"minecraft:dirt":14,"minecraft:birch_log":1,"minecraft:tall_grass":1,"minecraft:oak_leaves":1,"minecraft:crafting_table":1,"minecraft:cornflower":1},"minecraft:picked_up":{"minecraft:birch_log":1,"minecraft:crafting_table":1,"minecraft:wheat_seeds":1,"minecraft:oak_log":5,"minecraft:dirt":21,"minecraft:mutton":5,"minecraft:cornflower":1,"minecraft:white_wool":4},"minecraft:killed_by":{"duneons:zombievangruard":1,"minecraft:zombie":4},"minecraft:custom":{"minecraft:time_since_rest":1387,"minecraft:play_one_minute":12845,"minecraft:crouch_one_cm":803,"minecraft:deaths":5,"minecraft:sprint_one_cm":23759,"minecraft:damage_taken":1640,"minecraft:walk_one_cm":31886,"minecraft:sneak_time":352,"minecraft:mob_kills":5,"minecraft:drop":4,"minecraft:jump":170,"minecraft:damage_dealt":540,"minecraft:leave_game":4,"minecraft:time_since_death":1355,"minecraft:fly_one_cm":34530,"minecraft:fall_one_cm":2926},"minecraft:used":{"minecraft:cornflower":1,"minecraft:dirt":19,"minecraft:crafting_table":1,"minecraft:birch_log":1}},"DataVersion":2586}