{"stats":{"minecraft:crafted":{"minecraft:cooked_beef":9,"minecraft:oak_planks":100,"minecraft:oak_sign":3,"minecraft:stone_shovel":1,"travelersbackpack:white_sleeping_bag":3,"minecraft:cooked_porkchop":14,"minecraft:crafting_table":4,"minecraft:stick":36,"minecraft:wooden_pickaxe":1,"minecraft:stone_pickaxe":4,"minecraft:chest":1,"minecraft:stone_sword":4,"minecraft:furnace":2,"minecraft:white_bed":1,"minecraft:stone_axe":4,"minecraft:air":0,"minecraft:cooked_mutton":24},"minecraft:killed_by":{"minecraft:spider":1,"minecraft:zombie":4,"duneons:zombievangruard":1},"minecraft:used":{"minecraft:cooked_mutton":3,"minecraft:stone_sword":57,"minecraft:cornflower":1,"minecraft:stone_shovel":26,"minecraft:stone_pickaxe":105,"minecraft:oak_sign":1,"minecraft:chest":1,"minecraft:wooden_pickaxe":18,"minecraft:stone_axe":34,"minecraft:dirt":56,"minecraft:cobblestone":3,"minecraft:crafting_table":6,"minecraft:furnace":2,"minecraft:birch_log":1,"minecraft:white_bed":2,"minecraft:gray_wool":2},"minecraft:picked_up":{"minecraft:birch_log":1,"minecraft:crafting_table":6,"minecraft:leather":6,"minecraft:porkchop":14,"minecraft:oak_log":25,"gravestone:obituary":7,"minecraft:white_bed":2,"minecraft:cornflower":1,"minecraft:dirt":59,"minecraft:wheat_seeds":7,"minecraft:beef":9,"minecraft:gray_wool":2,"minecraft:light_gray_wool":1,"minecraft:mutton":24,"minecraft:coal":84,"minecraft:white_wool":12,"minecraft:cobblestone":75,"minecraft:furnace":2},"minecraft:mined":{"minecraft:white_bed":2,"minecraft:furnace":2,"minecraft:birch_log":1,"minecraft:cornflower":1,"minecraft:crafting_table":6,"gravestone:gravestone":6,"minecraft:grass":85,"minecraft:grass_block":37,"minecraft:coal_ore":44,"minecraft:oak_log":25,"minecraft:dirt":23,"minecraft:tall_grass":2,"minecraft:stone":75,"minecraft:oak_leaves":10},"minecraft:killed":{"minecraft:sheep":15,"minecraft:pig":6,"minecraft:zombie":1,"minecraft:cow":4},"minecraft:custom":{"minecraft:time_since_rest":6126,"minecraft:interact_with_furnace":17,"minecraft:sprint_one_cm":85920,"minecraft:damage_taken":1720,"minecraft:walk_one_cm":70145,"minecraft:mob_kills":26,"minecraft:drop":12,"minecraft:damage_dealt":2410,"minecraft:interact_with_crafting_table":12,"minecraft:fly_one_cm":133315,"minecraft:open_chest":6,"minecraft:play_one_minute":37491,"minecraft:crouch_one_cm":3099,"minecraft:deaths":6,"minecraft:sneak_time":1681,"minecraft:jump":578,"minecraft:walk_on_water_one_cm":239,"minecraft:leave_game":5,"minecraft:time_since_death":23519,"minecraft:sleep_in_bed":2,"minecraft:fall_one_cm":11123},"minecraft:dropped":{"minecraft:dirt":3,"gravestone:obituary":8,"minecraft:light_gray_wool":1}},"DataVersion":2586}