{"stats":{"minecraft:crafted":{"minecraft:oak_planks":100,"minecraft:stone_shovel":1,"minecraft:oak_sign":3,"minecraft:furnace":2,"minecraft:cobblestone_stairs":4,"minecraft:cooked_mutton":24,"travelersbackpack:white_sleeping_bag":4,"minecraft:stone_pickaxe":6,"minecraft:chest":3,"minecraft:wheat":189,"minecraft:cooked_beef":9,"minecraft:cooked_porkchop":14,"minecraft:crafting_table":5,"minecraft:iron_helmet":2,"minecraft:wooden_pickaxe":1,"minecraft:iron_sword":1,"minecraft:stone_axe":5,"minecraft:bread":63,"minecraft:air":0,"minecraft:jungle_planks":20,"duneons:planksbambbo":100,"minecraft:iron_chestplate":1,"minecraft:stick":60,"minecraft:iron_ingot":25,"minecraft:stone_sword":4,"minecraft:iron_leggings":1,"minecraft:white_bed":1,"minecraft:acacia_planks":20,"minecraft:torch":100},"minecraft:picked_up":{"minecraft:crafting_table":11,"minecraft:wheat":1,"minecraft:chainmail_boots":1,"duneons:leavesbigbamboo":1,"minecraft:potion":1,"gravestone:obituary":9,"minecraft:brewing_stand":1,"minecraft:cornflower":1,"minecraft:beetroot":1,"minecraft:cracked_stone_bricks":2,"minecraft:beef":9,"minecraft:iron_pickaxe":1,"minecraft:light_gray_wool":1,"minecraft:lectern":1,"minecraft:furnace":4,"minecraft:stick":1,"minecraft:sandstone":5,"minecraft:acacia_log":5,"minecraft:torch":16,"minecraft:porkchop":14,"simpleores:tin_ore":16,"minecraft:redstone":1,"iceandfire:lightning_lily":1,"minecraft:arrow":8,"minecraft:beetroot_seeds":3,"duneons:planksbambbo":16,"minecraft:hay_block":21,"minecraft:mutton":24,"minecraft:iron_bars":8,"minecraft:cobblestone":112,"minecraft:white_wool":15,"minecraft:birch_log":14,"minecraft:andesite":1,"minecraft:jungle_log":5,"minecraft:leather":6,"minecraft:potato":14,"minecraft:oak_log":54,"minecraft:gunpowder":2,"minecraft:dirt":60,"duneons:chiseledstonebrickssand":2,"minecraft:smooth_sandstone":2,"minecraft:bone":12,"minecraft:stone_bricks":2,"minecraft:wheat_seeds":11,"minecraft:iron_ingot":7,"minecraft:iron_ore":25,"minecraft:rabbit":1,"minecraft:glass_bottle":2,"minecraft:book":27,"duneons:bamboolog":89,"minecraft:jungle_planks":4,"minecraft:sand":6,"minecraft:white_bed":4,"minecraft:acacia_stairs":4,"duneons:leaverpalm":2,"minecraft:spider_eye":2,"minecraft:mossy_cobblestone":1,"duneons:bubblecactus":12,"travelersbackpack:white_sleeping_bag":2,"minecraft:pumpkin_seeds":4,"duneons:stonebricksand":5,"duneons:palmlog":7,"minecraft:gray_wool":2,"minecraft:oak_sapling":1,"minecraft:coal":147,"minecraft:ender_pearl":1},"minecraft:killed_by":{"minecraft:spider":1,"duneons:zombievangruard":1,"iceandfire:hippogryph":1,"minecraft:zombie":4,"duneons:red_coralskeletoncrossbow":4,"duneons:wraith":1},"minecraft:dropped":{"minecraft:iron_ingot":7,"minecraft:wheat_seeds":8,"minecraft:glass_bottle":2,"minecraft:cooked_porkchop":1,"minecraft:cobblestone":2,"minecraft:stick":1,"minecraft:dirt":4,"duneons:stonebricksand":1,"gravestone:obituary":17,"minecraft:smooth_sandstone":1,"minecraft:redstone":1,"minecraft:light_gray_wool":1,"minecraft:oak_sign":2,"duneons:leavesbigbamboo":1,"minecraft:gunpowder":2,"minecraft:spider_eye":2,"minecraft:arrow":1,"minecraft:wooden_pickaxe":1,"duneons:leaverpalm":2},"minecraft:mined":{"duneons:bubblecactus":12,"iceandfire:lightning_lily":1,"minecraft:white_bed":4,"minecraft:mossy_cobblestone":1,"duneons:stonebricksand":5,"minecraft:brewing_stand":1,"gravestone:gravestone":12,"minecraft:acacia_log":3,"minecraft:grass_block":37,"minecraft:jungle_planks":4,"minecraft:jungle_log":5,"travelersbackpack:white_sleeping_bag":2,"minecraft:sandstone":8,"minecraft:spawner":9,"minecraft:hay_block":21,"duneons:bambootall":9,"minecraft:furnace":4,"minecraft:iron_ore":25,"minecraft:fire":5,"minecraft:andesite":1,"duneons:bamboolog":90,"minecraft:bookshelf":9,"minecraft:potatoes":3,"minecraft:vine":3,"minecraft:iron_bars":8,"duneons:planksbambbo":16,"simpleores:tin_ore":16,"minecraft:stone":108,"duneons:leavesbigbamboo":1,"duneons:bush":2,"duneons:chiseledstonebrickssand":2,"minecraft:smooth_sandstone":1,"minecraft:crafting_table":11,"minecraft:cornflower":1,"minecraft:lectern":1,"minecraft:tall_grass":3,"minecraft:cobblestone":4,"minecraft:wall_torch":1,"duneons:leaverpalm":1,"minecraft:birch_log":14,"minecraft:wheat":1,"minecraft:birch_leaves":1,"minecraft:pumpkin_stem":2,"minecraft:grass":88,"minecraft:oak_log":54,"minecraft:coal_ore":60,"duneons:palmlog":7,"minecraft:beetroots":2,"minecraft:sand":8,"minecraft:dirt":24,"minecraft:cracked_stone_bricks":9,"minecraft:stone_bricks":6,"minecraft:oak_leaves":17},"minecraft:killed":{"minecraft:witch":1,"minecraft:spider":1,"duneons:wraith":2,"minecraft:skeleton":9,"minecraft:pig":6,"minecraft:rabbit":1,"minecraft:creeper":2,"minecraft:sheep":18,"minecraft:zombie":3,"duneons:red_coralskeletoncrossbow":1,"minecraft:enderman":2,"minecraft:cow":4},"minecraft:custom":{"minecraft:mob_kills":49,"minecraft:interact_with_crafting_table":24,"minecraft:leave_game":8,"minecraft:time_since_death":29106,"minecraft:climb_one_cm":706,"minecraft:sprint_one_cm":299258,"minecraft:walk_one_cm":272732,"minecraft:damage_blocked_by_shield":1175,"minecraft:drop":48,"minecraft:deaths":12,"minecraft:sneak_time":4452,"minecraft:interact_with_brewingstand":1,"minecraft:jump":1479,"minecraft:walk_on_water_one_cm":410,"minecraft:interact_with_furnace":40,"minecraft:play_one_minute":119854,"minecraft:sleep_in_bed":7,"minecraft:time_since_rest":5455,"minecraft:damage_taken":5670,"minecraft:damage_dealt":7025,"minecraft:fly_one_cm":325353,"minecraft:open_chest":66,"minecraft:crouch_one_cm":7494,"minecraft:fall_one_cm":34831},"minecraft:used":{"minecraft:stone_sword":162,"minecraft:stone_shovel":26,"minecraft:oak_sign":1,"minecraft:chest":3,"minecraft:shield":21,"minecraft:iron_sword":5,"minecraft:torch":95,"minecraft:dirt":56,"minecraft:jungle_planks":4,"duneons:planksbambbo":44,"minecraft:oak_sapling":1,"minecraft:furnace":4,"minecraft:cooked_mutton":3,"minecraft:cobblestone_stairs":4,"minecraft:stone_pickaxe":252,"minecraft:wooden_pickaxe":24,"minecraft:sandstone":3,"minecraft:golden_apple":1,"minecraft:sand":6,"minecraft:crafting_table":12,"minecraft:white_bed":4,"minecraft:cornflower":1,"simpleores:tin_ore":2,"minecraft:bread":26,"travelersbackpack:white_sleeping_bag":2,"minecraft:stone_axe":189,"minecraft:cobblestone":29,"travelersbackpack:standard":1,"minecraft:cooked_porkchop":12,"minecraft:birch_log":3,"minecraft:gray_wool":2},"minecraft:broken":{"minecraft:stone_sword":1,"minecraft:stone_pickaxe":1,"minecraft:stone_axe":1}},"DataVersion":2586}