{"stats":{"minecraft:custom":{"minecraft:mob_kills":37,"minecraft:interact_with_crafting_table":22,"minecraft:leave_game":7,"minecraft:time_since_death":1259,"minecraft:climb_one_cm":706,"minecraft:sprint_one_cm":209624,"minecraft:walk_one_cm":206862,"minecraft:drop":48,"minecraft:deaths":12,"minecraft:sneak_time":4219,"minecraft:jump":1392,"minecraft:walk_on_water_one_cm":410,"minecraft:interact_with_furnace":40,"minecraft:play_one_minute":92007,"minecraft:sleep_in_bed":5,"minecraft:time_since_rest":1286,"minecraft:damage_taken":4590,"minecraft:damage_dealt":4413,"minecraft:fly_one_cm":312249,"minecraft:open_chest":30,"minecraft:crouch_one_cm":6960,"minecraft:fall_one_cm":34411},"minecraft:used":{"minecraft:stone_sword":127,"minecraft:stone_shovel":26,"minecraft:oak_sign":1,"minecraft:chest":3,"minecraft:torch":36,"minecraft:dirt":56,"minecraft:jungle_planks":4,"duneons:planksbambbo":12,"minecraft:furnace":4,"minecraft:oak_sapling":1,"minecraft:cooked_mutton":3,"minecraft:cobblestone_stairs":4,"minecraft:stone_pickaxe":215,"minecraft:wooden_pickaxe":24,"minecraft:sandstone":3,"minecraft:sand":6,"minecraft:crafting_table":11,"minecraft:white_bed":4,"minecraft:cornflower":1,"simpleores:tin_ore":2,"minecraft:bread":6,"minecraft:stone_axe":159,"minecraft:cobblestone":29,"minecraft:cooked_porkchop":12,"minecraft:birch_log":3,"minecraft:gray_wool":2},"minecraft:killed_by":{"minecraft:spider":1,"duneons:zombievangruard":1,"iceandfire:hippogryph":1,"minecraft:zombie":4,"duneons:red_coralskeletoncrossbow":4,"duneons:wraith":1},"minecraft:broken":{"minecraft:stone_pickaxe":1,"minecraft:stone_axe":1},"minecraft:mined":{"duneons:bubblecactus":12,"iceandfire:lightning_lily":1,"minecraft:white_bed":4,"minecraft:mossy_cobblestone":1,"duneons:stonebricksand":5,"gravestone:gravestone":12,"minecraft:grass_block":37,"minecraft:jungle_planks":4,"minecraft:jungle_log":5,"minecraft:sandstone":8,"minecraft:spawner":3,"minecraft:hay_block":21,"duneons:bambootall":9,"minecraft:furnace":4,"minecraft:iron_ore":25,"duneons:bamboolog":90,"minecraft:bookshelf":9,"minecraft:vine":3,"minecraft:iron_bars":2,"simpleores:tin_ore":16,"minecraft:stone":95,"duneons:leavesbigbamboo":1,"duneons:bush":2,"duneons:chiseledstonebrickssand":2,"minecraft:smooth_sandstone":1,"minecraft:crafting_table":10,"minecraft:cornflower":1,"minecraft:lectern":1,"minecraft:tall_grass":3,"minecraft:cobblestone":1,"minecraft:wall_torch":1,"duneons:leaverpalm":1,"minecraft:birch_log":14,"minecraft:birch_leaves":1,"minecraft:grass":88,"minecraft:oak_log":54,"minecraft:coal_ore":60,"duneons:palmlog":7,"minecraft:sand":8,"minecraft:dirt":24,"minecraft:cracked_stone_bricks":7,"minecraft:stone_bricks":4,"minecraft:oak_leaves":17},"minecraft:killed":{"minecraft:witch":1,"duneons:wraith":2,"minecraft:skeleton":2,"minecraft:pig":6,"minecraft:rabbit":1,"minecraft:creeper":2,"minecraft:sheep":18,"minecraft:zombie":1,"minecraft:cow":4},"minecraft:picked_up":{"minecraft:crafting_table":10,"duneons:leavesbigbamboo":1,"minecraft:potion":1,"gravestone:obituary":9,"minecraft:cornflower":1,"minecraft:beef":9,"minecraft:light_gray_wool":1,"minecraft:lectern":1,"minecraft:furnace":4,"minecraft:stick":1,"minecraft:sandstone":5,"minecraft:torch":2,"minecraft:porkchop":14,"simpleores:tin_ore":16,"minecraft:redstone":1,"iceandfire:lightning_lily":1,"minecraft:arrow":1,"minecraft:hay_block":21,"minecraft:mutton":24,"minecraft:iron_bars":2,"minecraft:cobblestone":96,"minecraft:white_wool":15,"minecraft:birch_log":14,"minecraft:jungle_log":5,"minecraft:leather":6,"minecraft:oak_log":54,"minecraft:gunpowder":2,"minecraft:dirt":60,"duneons:chiseledstonebrickssand":2,"minecraft:smooth_sandstone":2,"minecraft:wheat_seeds":8,"minecraft:iron_ingot":7,"minecraft:iron_ore":25,"minecraft:rabbit":1,"minecraft:glass_bottle":2,"minecraft:book":27,"duneons:bamboolog":89,"minecraft:sand":6,"minecraft:jungle_planks":4,"minecraft:white_bed":4,"duneons:leaverpalm":2,"minecraft:spider_eye":2,"minecraft:mossy_cobblestone":1,"duneons:bubblecactus":12,"duneons:stonebricksand":5,"duneons:palmlog":7,"minecraft:gray_wool":2,"minecraft:oak_sapling":1,"minecraft:coal":147},"minecraft:dropped":{"minecraft:iron_ingot":7,"minecraft:wheat_seeds":8,"minecraft:glass_bottle":2,"minecraft:cooked_porkchop":1,"minecraft:cobblestone":2,"minecraft:stick":1,"minecraft:dirt":4,"duneons:stonebricksand":1,"gravestone:obituary":17,"minecraft:smooth_sandstone":1,"minecraft:redstone":1,"minecraft:light_gray_wool":1,"minecraft:oak_sign":2,"duneons:leavesbigbamboo":1,"minecraft:gunpowder":2,"minecraft:spider_eye":2,"minecraft:arrow":1,"minecraft:wooden_pickaxe":1,"duneons:leaverpalm":2},"minecraft:crafted":{"minecraft:oak_planks":100,"minecraft:stone_shovel":1,"minecraft:oak_sign":3,"minecraft:furnace":2,"minecraft:cobblestone_stairs":4,"minecraft:cooked_mutton":24,"travelersbackpack:white_sleeping_bag":4,"minecraft:stone_pickaxe":6,"minecraft:chest":3,"minecraft:wheat":189,"minecraft:cooked_beef":9,"minecraft:cooked_porkchop":14,"minecraft:crafting_table":4,"minecraft:wooden_pickaxe":1,"minecraft:iron_helmet":2,"minecraft:stone_axe":5,"minecraft:bread":63,"minecraft:air":0,"minecraft:jungle_planks":20,"duneons:planksbambbo":100,"minecraft:iron_chestplate":1,"minecraft:stick":56,"minecraft:iron_ingot":25,"minecraft:stone_sword":4,"minecraft:iron_leggings":1,"minecraft:white_bed":1,"minecraft:torch":100}},"DataVersion":2586}