{"stats":{"minecraft:custom":{"minecraft:interact_with_furnace":38,"minecraft:mob_kills":30,"minecraft:interact_with_crafting_table":17,"minecraft:play_one_minute":72366,"minecraft:leave_game":6,"minecraft:time_since_death":13677,"minecraft:climb_one_cm":706,"minecraft:sleep_in_bed":4,"minecraft:time_since_rest":13709,"minecraft:sprint_one_cm":163862,"minecraft:damage_taken":2830,"minecraft:walk_one_cm":146492,"minecraft:drop":42,"minecraft:damage_dealt":3413,"minecraft:fly_one_cm":262454,"minecraft:open_chest":15,"minecraft:crouch_one_cm":6460,"minecraft:deaths":8,"minecraft:sneak_time":4130,"minecraft:jump":1155,"minecraft:walk_on_water_one_cm":410,"minecraft:fall_one_cm":27932},"minecraft:used":{"minecraft:cooked_mutton":3,"minecraft:stone_sword":104,"minecraft:cobblestone_stairs":4,"minecraft:stone_pickaxe":190,"minecraft:stone_shovel":26,"minecraft:oak_sign":1,"minecraft:chest":1,"minecraft:wooden_pickaxe":24,"minecraft:sandstone":3,"minecraft:torch":12,"minecraft:dirt":56,"minecraft:sand":6,"minecraft:crafting_table":10,"minecraft:jungle_planks":4,"minecraft:white_bed":4,"minecraft:cornflower":1,"minecraft:stone_axe":153,"minecraft:cobblestone":29,"minecraft:furnace":4,"minecraft:oak_sapling":1,"minecraft:cooked_porkchop":8,"minecraft:birch_log":3,"minecraft:gray_wool":2},"minecraft:killed_by":{"minecraft:spider":1,"minecraft:zombie":4,"duneons:wraith":1,"duneons:zombievangruard":1,"iceandfire:hippogryph":1},"minecraft:broken":{"minecraft:stone_pickaxe":1,"minecraft:stone_axe":1},"minecraft:killed":{"minecraft:pig":6,"minecraft:witch":1,"minecraft:creeper":1,"minecraft:sheep":15,"minecraft:skeleton":2,"minecraft:zombie":1,"minecraft:cow":4},"minecraft:mined":{"duneons:bush":2,"minecraft:white_bed":3,"duneons:chiseledstonebrickssand":2,"duneons:stonebricksand":5,"minecraft:smooth_sandstone":1,"minecraft:crafting_table":9,"minecraft:cornflower":1,"gravestone:gravestone":8,"minecraft:grass_block":37,"minecraft:jungle_log":5,"minecraft:lectern":1,"minecraft:tall_grass":3,"minecraft:sandstone":8,"duneons:leaverpalm":1,"duneons:bambootall":9,"minecraft:hay_block":21,"minecraft:furnace":2,"minecraft:birch_log":14,"minecraft:iron_ore":25,"minecraft:birch_leaves":1,"duneons:bamboolog":90,"minecraft:grass":88,"minecraft:bookshelf":9,"minecraft:coal_ore":60,"minecraft:oak_log":54,"duneons:palmlog":7,"minecraft:vine":3,"minecraft:sand":6,"minecraft:dirt":24,"simpleores:tin_ore":14,"minecraft:stone":95,"minecraft:oak_leaves":17,"duneons:leavesbigbamboo":1,"duneons:bubblecactus":12},"minecraft:crafted":{"minecraft:cooked_beef":9,"minecraft:oak_planks":100,"minecraft:stone_shovel":1,"minecraft:oak_sign":3,"minecraft:cooked_porkchop":14,"minecraft:crafting_table":4,"minecraft:iron_helmet":2,"minecraft:wooden_pickaxe":1,"minecraft:furnace":2,"minecraft:cobblestone_stairs":4,"minecraft:stone_axe":5,"minecraft:jungle_planks":20,"minecraft:cooked_mutton":24,"minecraft:air":0,"travelersbackpack:white_sleeping_bag":3,"minecraft:iron_chestplate":1,"minecraft:stick":36,"minecraft:iron_ingot":25,"minecraft:stone_pickaxe":6,"minecraft:stone_sword":4,"minecraft:chest":1,"minecraft:white_bed":1,"minecraft:torch":20},"minecraft:dropped":{"minecraft:iron_ingot":7,"minecraft:wheat_seeds":8,"minecraft:glass_bottle":2,"minecraft:cooked_porkchop":1,"minecraft:light_gray_wool":1,"minecraft:stick":1,"minecraft:dirt":4,"duneons:leavesbigbamboo":1,"minecraft:gunpowder":1,"duneons:stonebricksand":1,"gravestone:obituary":16,"minecraft:spider_eye":2,"minecraft:arrow":1,"minecraft:smooth_sandstone":1,"duneons:leaverpalm":2,"minecraft:redstone":1},"minecraft:picked_up":{"minecraft:birch_log":14,"minecraft:crafting_table":9,"duneons:leavesbigbamboo":1,"minecraft:jungle_log":5,"minecraft:leather":6,"minecraft:potion":1,"minecraft:oak_log":54,"gravestone:obituary":8,"minecraft:gunpowder":2,"minecraft:cornflower":1,"minecraft:dirt":60,"duneons:chiseledstonebrickssand":2,"minecraft:smooth_sandstone":2,"minecraft:wheat_seeds":8,"minecraft:beef":9,"minecraft:iron_ore":25,"minecraft:light_gray_wool":1,"minecraft:glass_bottle":2,"minecraft:lectern":1,"minecraft:furnace":2,"minecraft:book":27,"minecraft:stick":1,"minecraft:sandstone":5,"duneons:bamboolog":89,"minecraft:porkchop":14,"simpleores:tin_ore":14,"minecraft:sand":6,"minecraft:white_bed":3,"minecraft:redstone":1,"duneons:leaverpalm":2,"minecraft:spider_eye":2,"duneons:bubblecactus":12,"minecraft:arrow":1,"duneons:stonebricksand":5,"duneons:palmlog":7,"minecraft:hay_block":21,"minecraft:gray_wool":2,"minecraft:oak_sapling":1,"minecraft:mutton":24,"minecraft:coal":100,"minecraft:white_wool":12,"minecraft:cobblestone":95}},"DataVersion":2586}