{"stats":{"minecraft:crafted":{"minecraft:cooked_beef":9,"minecraft:oak_planks":100,"minecraft:stone_shovel":1,"travelersbackpack:white_sleeping_bag":2,"minecraft:cooked_porkchop":10,"minecraft:crafting_table":1,"minecraft:stick":12,"minecraft:wooden_pickaxe":1,"minecraft:stone_pickaxe":1,"minecraft:chest":1,"minecraft:stone_sword":1,"minecraft:furnace":2,"minecraft:white_bed":1,"minecraft:stone_axe":1,"minecraft:air":0,"minecraft:cooked_mutton":17},"minecraft:killed_by":{"minecraft:spider":1,"minecraft:zombie":4,"duneons:zombievangruard":1},"minecraft:used":{"minecraft:cooked_mutton":2,"minecraft:stone_sword":57,"minecraft:cornflower":1,"minecraft:stone_shovel":26,"minecraft:stone_pickaxe":60,"minecraft:wooden_pickaxe":18,"minecraft:stone_axe":32,"minecraft:dirt":52,"minecraft:cobblestone":3,"minecraft:crafting_table":6,"minecraft:furnace":2,"minecraft:birch_log":1,"minecraft:white_bed":1},"minecraft:picked_up":{"minecraft:birch_log":1,"minecraft:crafting_table":5,"minecraft:leather":6,"minecraft:porkchop":14,"minecraft:oak_log":25,"gravestone:obituary":7,"minecraft:white_bed":1,"minecraft:cornflower":1,"minecraft:dirt":55,"minecraft:wheat_seeds":4,"minecraft:beef":9,"minecraft:gray_wool":2,"minecraft:light_gray_wool":1,"minecraft:mutton":24,"minecraft:coal":44,"minecraft:white_wool":12,"minecraft:cobblestone":33},"minecraft:mined":{"minecraft:white_bed":1,"minecraft:birch_log":1,"minecraft:cornflower":1,"minecraft:crafting_table":5,"gravestone:gravestone":6,"minecraft:grass":56,"minecraft:grass_block":36,"minecraft:coal_ore":44,"minecraft:oak_log":25,"minecraft:dirt":20,"minecraft:tall_grass":2,"minecraft:stone":33,"minecraft:oak_leaves":10},"minecraft:killed":{"minecraft:sheep":15,"minecraft:pig":6,"minecraft:zombie":1,"minecraft:cow":4},"minecraft:custom":{"minecraft:time_since_rest":11965,"minecraft:interact_with_furnace":11,"minecraft:sprint_one_cm":80540,"minecraft:damage_taken":1720,"minecraft:walk_one_cm":60820,"minecraft:mob_kills":26,"minecraft:drop":12,"minecraft:damage_dealt":2410,"minecraft:interact_with_crafting_table":9,"minecraft:fly_one_cm":128081,"minecraft:play_one_minute":30462,"minecraft:crouch_one_cm":3080,"minecraft:deaths":6,"minecraft:sneak_time":1569,"minecraft:jump":545,"minecraft:leave_game":4,"minecraft:time_since_death":16490,"minecraft:sleep_in_bed":1,"minecraft:fall_one_cm":10914},"minecraft:dropped":{"minecraft:dirt":3,"gravestone:obituary":8,"minecraft:light_gray_wool":1}},"DataVersion":2586}