{"stats":{"minecraft:mined":{"minecraft:grass":11,"minecraft:oak_log":5,"minecraft:oak_leaves":1,"minecraft:crafting_table":1},"minecraft:killed":{"minecraft:sheep":3},"minecraft:custom":{"minecraft:time_since_rest":2712,"minecraft:play_one_minute":2712,"minecraft:crouch_one_cm":640,"minecraft:sprint_one_cm":5062,"minecraft:walk_one_cm":8088,"minecraft:sneak_time":194,"minecraft:mob_kills":3,"minecraft:jump":30,"minecraft:damage_dealt":239,"minecraft:leave_game":1,"minecraft:time_since_death":2712,"minecraft:fall_one_cm":418,"minecraft:fly_one_cm":7554},"minecraft:crafted":{"minecraft:oak_planks":20,"minecraft:crafting_table":1,"minecraft:stick":4},"minecraft:used":{"minecraft:crafting_table":1},"minecraft:picked_up":{"minecraft:crafting_table":1,"minecraft:oak_log":5,"minecraft:mutton":3,"minecraft:white_wool":3}},"DataVersion":2586}